slice_definition,depth,status,eligible,total_support,fraud_support,legitimate_support,TP,TN,FP,FN,FNR,FNR_ci_lower,FNR_ci_upper,recall,precision,F1,FPR,mean_fraud_probability,risk_level_distribution
"{'amount_bucket': 'medium (50-200)', 'payment_channel': 'pos_contactless'}",2,ELIGIBLE,True,672,21,651,4,644,7,17,0.8095,0.6,0.9233,0.1905,0.3636,0.25,0.0108,0.0412,"{'LOW_RISK': 638, 'MODERATE_RISK': 23, 'HIGH_RISK': 6, 'CRITICAL_RISK': 5}"
"{'merchant_strategy': 'single_target', 'merchant_category': 'retail'}",2,ELIGIBLE,True,56,56,0,20,0,0,36,0.6429,0.5119,0.7554,0.3571,1.0,0.5263,0.0,0.3653,"{'LOW_RISK': 27, 'CRITICAL_RISK': 10, 'HIGH_RISK': 10, 'MODERATE_RISK': 9}"
"{'payment_channel': 'pos_contactless', 'geographic_region_or_strategy': 'domestic'}",2,ELIGIBLE,True,1103,26,1077,10,1065,12,16,0.6154,0.4253,0.7757,0.3846,0.4545,0.4167,0.0111,0.04,"{'LOW_RISK': 1051, 'MODERATE_RISK': 30, 'HIGH_RISK': 13, 'CRITICAL_RISK': 9}"
"{'identity_strategy': 'existing_account', 'geographic_strategy': 'domestic_matching', 'merchant_category': 'retail'}",3,ELIGIBLE,True,50,50,0,20,0,0,30,0.6,0.4618,0.7239,0.4,1.0,0.5714,0.0,0.4193,"{'LOW_RISK': 22, 'CRITICAL_RISK': 13, 'MODERATE_RISK': 8, 'HIGH_RISK': 7}"
"{'geographic_strategy': 'domestic_matching', 'merchant_category': 'retail', 'geographic_region_or_strategy': 'domestic'}",3,ELIGIBLE,True,57,57,0,24,0,0,33,0.5789,0.4498,0.6981,0.4211,1.0,0.5926,0.0,0.4318,"{'LOW_RISK': 25, 'CRITICAL_RISK': 17, 'MODERATE_RISK': 8, 'HIGH_RISK': 7}"
"{'geographic_strategy': 'domestic_matching', 'amount_bucket': 'medium (50-200)', 'merchant_category': 'retail'}",3,ELIGIBLE,True,57,57,0,25,0,0,32,0.5614,0.4328,0.6823,0.4386,1.0,0.6098,0.0,0.4554,"{'LOW_RISK': 26, 'CRITICAL_RISK': 18, 'HIGH_RISK': 7, 'MODERATE_RISK': 6}"
"{'geographic_strategy': 'domestic_matching', 'merchant_category': 'retail'}",2,ELIGIBLE,True,80,80,0,38,0,0,42,0.525,0.417,0.6308,0.475,1.0,0.6441,0.0,0.4802,"{'LOW_RISK': 32, 'CRITICAL_RISK': 26, 'HIGH_RISK': 12, 'MODERATE_RISK': 10}"
{'payment_channel': 'pos_contactless'},1,ELIGIBLE,True,1170,42,1128,20,1115,13,22,0.5238,0.3772,0.6664,0.4762,0.6061,0.5333,0.0115,0.0487,"{'LOW_RISK': 1102, 'MODERATE_RISK': 35, 'CRITICAL_RISK': 18, 'HIGH_RISK': 15}"
"{'merchant_category': 'retail', 'temporal_bucket': 'morning (06-11)'}",2,ELIGIBLE,True,187,21,166,10,166,0,11,0.5238,0.3237,0.7166,0.4762,1.0,0.6452,0.0,0.0679,"{'LOW_RISK': 171, 'CRITICAL_RISK': 6, 'MODERATE_RISK': 6, 'HIGH_RISK': 4}"
"{'merchant_category': 'retail', 'geographic_region_or_strategy': 'domestic'}",2,ELIGIBLE,True,636,64,572,31,572,0,33,0.5156,0.3958,0.6337,0.4844,1.0,0.6526,0.0,0.0634,"{'LOW_RISK': 589, 'CRITICAL_RISK': 22, 'MODERATE_RISK': 16, 'HIGH_RISK': 9}"
"{'amount_strategy': 'normal_looking', 'merchant_category': 'retail'}",2,ELIGIBLE,True,53,53,0,26,0,0,27,0.5094,0.3788,0.6388,0.4906,1.0,0.6582,0.0,0.5099,"{'CRITICAL_RISK': 22, 'LOW_RISK': 21, 'MODERATE_RISK': 6, 'HIGH_RISK': 4}"
"{'merchant_category': 'groceries', 'geographic_region_or_strategy': 'domestic'}",2,ELIGIBLE,True,877,32,845,16,844,1,16,0.5,0.3363,0.6637,0.5,0.9412,0.6531,0.0012,0.0277,"{'LOW_RISK': 851, 'CRITICAL_RISK': 9, 'MODERATE_RISK': 9, 'HIGH_RISK': 8}"
"{'amount_bucket': 'medium (50-200)', 'merchant_category': 'retail', 'geographic_region_or_strategy': 'domestic'}",3,ELIGIBLE,True,424,49,375,25,375,0,24,0.4898,0.3558,0.6253,0.5102,1.0,0.6757,0.0,0.0731,"{'LOW_RISK': 388, 'CRITICAL_RISK': 18, 'MODERATE_RISK': 11, 'HIGH_RISK': 7}"
"{'identity_strategy': 'existing_account', 'merchant_category': 'retail'}",2,ELIGIBLE,True,64,64,0,33,0,0,31,0.4844,0.3663,0.6042,0.5156,1.0,0.6804,0.0,0.5015,"{'LOW_RISK': 23, 'CRITICAL_RISK': 22, 'HIGH_RISK': 11, 'MODERATE_RISK': 8}"
{'merchant_category': 'groceries'},1,ELIGIBLE,True,941,50,891,26,889,2,24,0.48,0.348,0.6149,0.52,0.9286,0.6667,0.0022,0.039,"{'LOW_RISK': 901, 'CRITICAL_RISK': 19, 'MODERATE_RISK': 12, 'HIGH_RISK': 9}"
"{'merchant_category': 'retail', 'temporal_bucket': 'evening (18-23)'}",2,ELIGIBLE,True,185,25,160,13,160,0,12,0.48,0.3003,0.665,0.52,1.0,0.6842,0.0,0.0876,"{'LOW_RISK': 167, 'CRITICAL_RISK': 9, 'MODERATE_RISK': 5, 'HIGH_RISK': 4}"
"{'amount_bucket': 'medium (50-200)', 'merchant_category': 'retail'}",2,ELIGIBLE,True,468,72,396,38,396,0,34,0.4722,0.3613,0.586,0.5278,1.0,0.6909,0.0,0.0949,"{'LOW_RISK': 417, 'CRITICAL_RISK': 27, 'MODERATE_RISK': 13, 'HIGH_RISK': 11}"
"{'merchant_category': 'retail', 'temporal_bucket': 'afternoon (12-17)'}",2,ELIGIBLE,True,274,28,246,15,246,0,13,0.4643,0.2953,0.6419,0.5357,1.0,0.6977,0.0,0.0656,"{'LOW_RISK': 253, 'CRITICAL_RISK': 9, 'HIGH_RISK': 6, 'MODERATE_RISK': 6}"
{'merchant_category': 'retail'},1,ELIGIBLE,True,693,95,598,51,598,0,44,0.4632,0.3663,0.5629,0.5368,1.0,0.6986,0.0,0.0871,"{'LOW_RISK': 622, 'CRITICAL_RISK': 35, 'MODERATE_RISK': 20, 'HIGH_RISK': 16}"
"{'identity_strategy': 'existing_account', 'amount_bucket': 'medium (50-200)', 'merchant_category': 'retail'}",3,ELIGIBLE,True,52,52,0,28,0,0,24,0.4615,0.3334,0.595,0.5385,1.0,0.7,0.0,0.524,"{'CRITICAL_RISK': 20, 'LOW_RISK': 19, 'HIGH_RISK': 8, 'MODERATE_RISK': 5}"
{'payment_channel': 'pos_chip'},1,ELIGIBLE,True,840,22,818,12,815,3,10,0.4545,0.2692,0.6534,0.5455,0.8,0.6486,0.0037,0.0377,"{'LOW_RISK': 808, 'MODERATE_RISK': 17, 'CRITICAL_RISK': 9, 'HIGH_RISK': 6}"
"{'amount_bucket': 'medium (50-200)', 'merchant_category': 'retail', 'temporal_bucket': 'afternoon (12-17)'}",3,ELIGIBLE,True,176,20,156,11,156,0,9,0.45,0.2582,0.6579,0.55,1.0,0.7097,0.0,0.073,"{'LOW_RISK': 161, 'CRITICAL_RISK': 7, 'HIGH_RISK': 4, 'MODERATE_RISK': 4}"
"{'amount_bucket': 'medium (50-200)', 'payment_channel': 'p2p_transfer'}",2,ELIGIBLE,True,78,29,49,16,49,0,13,0.4483,0.2841,0.6245,0.5517,1.0,0.7111,0.0,0.2302,"{'LOW_RISK': 56, 'CRITICAL_RISK': 13, 'MODERATE_RISK': 6, 'HIGH_RISK': 3}"
"{'amount_strategy': 'normal_looking', 'merchant_strategy': 'single_target', 'geographic_strategy': 'domestic_matching'}",3,ELIGIBLE,True,85,85,0,47,0,0,38,0.4471,0.3459,0.5528,0.5529,1.0,0.7121,0.0,0.5485,"{'CRITICAL_RISK': 41, 'LOW_RISK': 29, 'MODERATE_RISK': 9, 'HIGH_RISK': 6}"
"{'evasion_strategy': 'risk_signal_suppression', 'merchant_strategy': 'single_target'}",2,ELIGIBLE,True,65,65,0,36,0,0,29,0.4462,0.3317,0.5666,0.5538,1.0,0.7129,0.0,0.5503,"{'CRITICAL_RISK': 33, 'LOW_RISK': 23, 'MODERATE_RISK': 6, 'HIGH_RISK': 3}"
"{'evasion_strategy': 'risk_signal_suppression', 'temporal_strategy': 'distributed', 'merchant_strategy': 'single_target'}",3,ELIGIBLE,True,65,65,0,36,0,0,29,0.4462,0.3317,0.5666,0.5538,1.0,0.7129,0.0,0.5503,"{'CRITICAL_RISK': 33, 'LOW_RISK': 23, 'MODERATE_RISK': 6, 'HIGH_RISK': 3}"
"{'evasion_strategy': 'risk_signal_suppression', 'merchant_strategy': 'single_target', 'geographic_strategy': 'domestic_matching'}",3,ELIGIBLE,True,65,65,0,36,0,0,29,0.4462,0.3317,0.5666,0.5538,1.0,0.7129,0.0,0.5503,"{'CRITICAL_RISK': 33, 'LOW_RISK': 23, 'MODERATE_RISK': 6, 'HIGH_RISK': 3}"
"{'amount_bucket': 'medium (50-200)', 'merchant_category': 'groceries'}",2,ELIGIBLE,True,546,34,512,19,511,1,15,0.4412,0.2888,0.6055,0.5588,0.95,0.7037,0.002,0.0476,"{'LOW_RISK': 519, 'CRITICAL_RISK': 16, 'MODERATE_RISK': 7, 'HIGH_RISK': 4}"
"{'merchant_strategy': 'single_target', 'geographic_strategy': 'domestic_matching', 'amount_bucket': 'medium (50-200)'}",3,ELIGIBLE,True,106,106,0,61,0,0,45,0.4245,0.3347,0.5196,0.5755,1.0,0.7305,0.0,0.5721,"{'CRITICAL_RISK': 50, 'LOW_RISK': 31, 'MODERATE_RISK': 14, 'HIGH_RISK': 11}"
"{'merchant_strategy': 'single_target', 'amount_bucket': 'medium (50-200)', 'geographic_region_or_strategy': 'domestic'}",3,ELIGIBLE,True,92,92,0,53,0,0,39,0.4239,0.328,0.5259,0.5761,1.0,0.731,0.0,0.558,"{'CRITICAL_RISK': 38, 'LOW_RISK': 25, 'HIGH_RISK': 15, 'MODERATE_RISK': 14}"
"{'amount_strategy': 'normal_looking', 'merchant_strategy': 'single_target', 'amount_bucket': 'medium (50-200)'}",3,ELIGIBLE,True,67,67,0,39,0,0,28,0.4179,0.3074,0.5373,0.5821,1.0,0.7358,0.0,0.5649,"{'CRITICAL_RISK': 30, 'LOW_RISK': 21, 'HIGH_RISK': 9, 'MODERATE_RISK': 7}"
"{'amount_strategy': 'normal_looking', 'identity_strategy': 'existing_account', 'merchant_strategy': 'single_target'}",3,ELIGIBLE,True,85,85,0,50,0,0,35,0.4118,0.3132,0.518,0.5882,1.0,0.7407,0.0,0.5629,"{'CRITICAL_RISK': 39, 'LOW_RISK': 28, 'HIGH_RISK': 11, 'MODERATE_RISK': 7}"
"{'identity_strategy': 'existing_account', 'merchant_strategy': 'single_target', 'geographic_strategy': 'domestic_matching'}",3,ELIGIBLE,True,105,105,0,62,0,0,43,0.4095,0.3203,0.5052,0.5905,1.0,0.7425,0.0,0.5805,"{'CRITICAL_RISK': 50, 'LOW_RISK': 28, 'MODERATE_RISK': 15, 'HIGH_RISK': 12}"
"{'amount_bucket': 'medium (50-200)', 'merchant_category': 'dining'}",2,ELIGIBLE,True,359,22,337,13,335,2,9,0.4091,0.2326,0.6127,0.5909,0.8667,0.7027,0.0059,0.0528,"{'LOW_RISK': 341, 'CRITICAL_RISK': 11, 'HIGH_RISK': 4, 'MODERATE_RISK': 3}"
"{'payment_channel': 'e-commerce', 'merchant_category': 'retail', 'geographic_region_or_strategy': 'domestic'}",3,ELIGIBLE,True,156,32,124,19,124,0,13,0.4062,0.2552,0.5774,0.5938,1.0,0.7451,0.0,0.1249,"{'LOW_RISK': 134, 'CRITICAL_RISK': 14, 'HIGH_RISK': 5, 'MODERATE_RISK': 3}"
"{'amount_strategy': 'high_ticket_escalation', 'amount_bucket': 'medium (50-200)', 'geographic_region_or_strategy': 'domestic'}",3,ELIGIBLE,True,65,65,0,39,0,0,26,0.4,0.2897,0.5214,0.6,1.0,0.75,0.0,0.6082,"{'CRITICAL_RISK': 32, 'LOW_RISK': 18, 'MODERATE_RISK': 8, 'HIGH_RISK': 7}"
{'merchant_category': 'dining'},1,ELIGIBLE,True,732,33,699,20,696,3,13,0.3939,0.2468,0.5632,0.6061,0.8696,0.7143,0.0043,0.0405,"{'LOW_RISK': 702, 'CRITICAL_RISK': 15, 'HIGH_RISK': 8, 'MODERATE_RISK': 7}"
"{'amount_strategy': 'normal_looking', 'merchant_strategy': 'single_target', 'geographic_region_or_strategy': 'domestic'}",3,ELIGIBLE,True,77,77,0,47,0,0,30,0.3896,0.2884,0.5013,0.6104,1.0,0.7581,0.0,0.5787,"{'CRITICAL_RISK': 36, 'LOW_RISK': 22, 'HIGH_RISK': 11, 'MODERATE_RISK': 8}"
"{'temporal_strategy': 'distributed', 'merchant_category': 'retail'}",2,ELIGIBLE,True,62,62,0,38,0,0,24,0.3871,0.2758,0.5115,0.6129,1.0,0.76,0.0,0.5752,"{'CRITICAL_RISK': 27, 'LOW_RISK': 21, 'HIGH_RISK': 11, 'MODERATE_RISK': 3}"
"{'identity_strategy': 'existing_account', 'merchant_strategy': 'single_target', 'amount_bucket': 'medium (50-200)'}",3,ELIGIBLE,True,75,75,0,46,0,0,29,0.3867,0.2846,0.4998,0.6133,1.0,0.7603,0.0,0.5884,"{'CRITICAL_RISK': 35, 'LOW_RISK': 20, 'HIGH_RISK': 11, 'MODERATE_RISK': 9}"
"{'merchant_strategy': 'single_target', 'amount_bucket': 'medium (50-200)'}",2,ELIGIBLE,True,130,130,0,80,0,0,50,0.3846,0.3054,0.4704,0.6154,1.0,0.7619,0.0,0.6067,"{'CRITICAL_RISK': 64, 'LOW_RISK': 33, 'MODERATE_RISK': 17, 'HIGH_RISK': 16}"
"{'temporal_strategy': 'distributed', 'merchant_strategy': 'single_target', 'geographic_strategy': 'domestic_matching'}",3,ELIGIBLE,True,86,86,0,53,0,0,33,0.3837,0.288,0.4894,0.6163,1.0,0.7626,0.0,0.597,"{'CRITICAL_RISK': 45, 'LOW_RISK': 23, 'MODERATE_RISK': 10, 'HIGH_RISK': 8}"
"{'evasion_strategy': 'risk_signal_suppression', 'temporal_strategy': 'distributed', 'payment_channel': 'e-commerce'}",3,ELIGIBLE,True,64,64,0,40,0,0,24,0.375,0.2667,0.4975,0.625,1.0,0.7692,0.0,0.6264,"{'CRITICAL_RISK': 38, 'LOW_RISK': 19, 'MODERATE_RISK': 5, 'HIGH_RISK': 2}"
"{'temporal_strategy': 'distributed', 'identity_strategy': 'existing_account', 'merchant_strategy': 'single_target'}",3,ELIGIBLE,True,64,64,0,40,0,0,24,0.375,0.2667,0.4975,0.625,1.0,0.7692,0.0,0.5829,"{'CRITICAL_RISK': 28, 'LOW_RISK': 18, 'HIGH_RISK': 12, 'MODERATE_RISK': 6}"
"{'temporal_strategy': 'distributed', 'merchant_strategy': 'single_target', 'amount_bucket': 'medium (50-200)'}",3,ELIGIBLE,True,78,78,0,49,0,0,29,0.3718,0.2729,0.4827,0.6282,1.0,0.7717,0.0,0.6105,"{'CRITICAL_RISK': 37, 'LOW_RISK': 18, 'HIGH_RISK': 12, 'MODERATE_RISK': 11}"
"{'amount_strategy': 'high_ticket_escalation', 'amount_bucket': 'medium (50-200)'}",2,ELIGIBLE,True,104,104,0,66,0,0,38,0.3654,0.2792,0.4612,0.6346,1.0,0.7765,0.0,0.6455,"{'CRITICAL_RISK': 58, 'LOW_RISK': 27, 'MODERATE_RISK': 11, 'HIGH_RISK': 8}"
"{'identity_strategy': 'existing_account', 'merchant_strategy': 'single_target', 'geographic_region_or_strategy': 'domestic'}",3,ELIGIBLE,True,88,88,0,56,0,0,32,0.3636,0.2708,0.4679,0.6364,1.0,0.7778,0.0,0.5987,"{'CRITICAL_RISK': 42, 'LOW_RISK': 21, 'HIGH_RISK': 14, 'MODERATE_RISK': 11}"
"{'amount_strategy': 'high_ticket_escalation', 'temporal_strategy': 'distributed', 'amount_bucket': 'medium (50-200)'}",3,ELIGIBLE,True,80,80,0,51,0,0,29,0.3625,0.2657,0.4719,0.6375,1.0,0.7786,0.0,0.6511,"{'CRITICAL_RISK': 45, 'LOW_RISK': 20, 'MODERATE_RISK': 9, 'HIGH_RISK': 6}"
{'attack_family': 'Cross-Channel & Cross-Border Evasion'},1,ELIGIBLE,True,84,84,0,54,0,0,30,0.3571,0.263,0.4638,0.6429,1.0,0.7826,0.0,0.6528,"{'CRITICAL_RISK': 46, 'LOW_RISK': 18, 'MODERATE_RISK': 12, 'HIGH_RISK': 8}"
"{'attack_family': 'Cross-Channel & Cross-Border Evasion', 'identity_strategy': 'existing_account'}",2,ELIGIBLE,True,84,84,0,54,0,0,30,0.3571,0.263,0.4638,0.6429,1.0,0.7826,0.0,0.6528,"{'CRITICAL_RISK': 46, 'LOW_RISK': 18, 'MODERATE_RISK': 12, 'HIGH_RISK': 8}"
"{'amount_strategy': 'high_ticket_escalation', 'geographic_strategy': 'domestic_matching', 'amount_bucket': 'medium (50-200)'}",3,ELIGIBLE,True,87,87,0,56,0,0,31,0.3563,0.2637,0.4611,0.6437,1.0,0.7832,0.0,0.6369,"{'CRITICAL_RISK': 48, 'LOW_RISK': 25, 'HIGH_RISK': 8, 'MODERATE_RISK': 6}"
"{'amount_strategy': 'normal_looking', 'merchant_strategy': 'single_target'}",2,ELIGIBLE,True,107,107,0,69,0,0,38,0.3551,0.2709,0.4494,0.6449,1.0,0.7841,0.0,0.615,"{'CRITICAL_RISK': 56, 'LOW_RISK': 29, 'HIGH_RISK': 13, 'MODERATE_RISK': 9}"
"{'amount_bucket': 'medium (50-200)', 'payment_channel': 'mobile_app'}",2,ELIGIBLE,True,266,31,235,20,230,5,11,0.3548,0.2112,0.5305,0.6452,0.8,0.7143,0.0213,0.1179,"{'LOW_RISK': 229, 'CRITICAL_RISK': 19, 'MODERATE_RISK': 12, 'HIGH_RISK': 6}"
"{'merchant_category': 'retail', 'geographic_region_or_strategy': 'cross_border'}",2,ELIGIBLE,True,57,31,26,20,26,0,11,0.3548,0.2112,0.5305,0.6452,1.0,0.7843,0.0,0.3519,"{'LOW_RISK': 33, 'CRITICAL_RISK': 13, 'HIGH_RISK': 7, 'MODERATE_RISK': 4}"
"{'amount_strategy': 'normal_looking', 'temporal_strategy': 'distributed', 'merchant_strategy': 'single_target'}",3,ELIGIBLE,True,65,65,0,42,0,0,23,0.3538,0.2488,0.4752,0.6462,1.0,0.785,0.0,0.6107,"{'CRITICAL_RISK': 33, 'LOW_RISK': 19, 'HIGH_RISK': 9, 'MODERATE_RISK': 4}"
"{'amount_bucket': 'medium (50-200)', 'payment_channel': 'e-commerce', 'merchant_category': 'retail'}",3,ELIGIBLE,True,114,34,80,22,80,0,12,0.3529,0.2149,0.5209,0.6471,1.0,0.7857,0.0,0.1918,"{'LOW_RISK': 89, 'CRITICAL_RISK': 17, 'HIGH_RISK': 5, 'MODERATE_RISK': 3}"
"{'attack_family': 'Synthetic Identity & Deepfake Onboarding', 'amount_strategy': 'high_ticket_escalation'}",2,ELIGIBLE,True,66,66,0,43,0,0,23,0.3485,0.2448,0.4689,0.6515,1.0,0.789,0.0,0.6403,"{'CRITICAL_RISK': 36, 'LOW_RISK': 17, 'HIGH_RISK': 7, 'MODERATE_RISK': 6}"
"{'attack_family': 'Synthetic Identity & Deepfake Onboarding', 'amount_strategy': 'high_ticket_escalation', 'temporal_strategy': 'distributed'}",3,ELIGIBLE,True,66,66,0,43,0,0,23,0.3485,0.2448,0.4689,0.6515,1.0,0.789,0.0,0.6403,"{'CRITICAL_RISK': 36, 'LOW_RISK': 17, 'HIGH_RISK': 7, 'MODERATE_RISK': 6}"
"{'attack_family': 'Synthetic Identity & Deepfake Onboarding', 'amount_strategy': 'high_ticket_escalation', 'geographic_strategy': 'domestic_matching'}",3,ELIGIBLE,True,66,66,0,43,0,0,23,0.3485,0.2448,0.4689,0.6515,1.0,0.789,0.0,0.6403,"{'CRITICAL_RISK': 36, 'LOW_RISK': 17, 'HIGH_RISK': 7, 'MODERATE_RISK': 6}"
"{'payment_channel': 'e-commerce', 'merchant_category': 'retail'}",2,ELIGIBLE,True,170,44,126,29,126,0,15,0.3409,0.2188,0.4886,0.6591,1.0,0.7945,0.0,0.1702,"{'LOW_RISK': 137, 'CRITICAL_RISK': 22, 'HIGH_RISK': 7, 'MODERATE_RISK': 4}"
"{'merchant_strategy': 'single_target', 'geographic_strategy': 'domestic_matching', 'geographic_region_or_strategy': 'domestic'}",3,ELIGIBLE,True,144,144,0,95,0,0,49,0.3403,0.2679,0.4209,0.6597,1.0,0.795,0.0,0.6387,"{'CRITICAL_RISK': 81, 'LOW_RISK': 32, 'MODERATE_RISK': 17, 'HIGH_RISK': 14}"
"{'merchant_strategy': 'single_target', 'geographic_strategy': 'domestic_matching', 'temporal_bucket': 'evening (18-23)'}",3,ELIGIBLE,True,56,56,0,37,0,0,19,0.3393,0.2292,0.47,0.6607,1.0,0.7957,0.0,0.6264,"{'CRITICAL_RISK': 32, 'LOW_RISK': 14, 'HIGH_RISK': 5, 'MODERATE_RISK': 5}"
"{'identity_strategy': 'existing_account', 'merchant_strategy': 'single_target'}",2,ELIGIBLE,True,127,127,0,84,0,0,43,0.3386,0.2621,0.4245,0.6614,1.0,0.7962,0.0,0.6311,"{'CRITICAL_RISK': 65, 'LOW_RISK': 28, 'HIGH_RISK': 19, 'MODERATE_RISK': 15}"
"{'evasion_strategy': 'risk_signal_suppression', 'payment_channel': 'e-commerce', 'geographic_region_or_strategy': 'domestic'}",3,ELIGIBLE,True,60,60,0,40,0,0,20,0.3333,0.2273,0.4594,0.6667,1.0,0.8,0.0,0.656,"{'CRITICAL_RISK': 38, 'LOW_RISK': 15, 'MODERATE_RISK': 5, 'HIGH_RISK': 2}"
"{'temporal_strategy': 'distributed', 'merchant_strategy': 'single_target', 'geographic_region_or_strategy': 'domestic'}",3,ELIGIBLE,True,94,94,0,63,0,0,31,0.3298,0.2431,0.4299,0.6702,1.0,0.8025,0.0,0.6381,"{'CRITICAL_RISK': 50, 'LOW_RISK': 21, 'HIGH_RISK': 13, 'MODERATE_RISK': 10}"
{'evasion_strategy': 'channel_hopping'},1,ELIGIBLE,True,64,64,0,43,0,0,21,0.3281,0.2257,0.45,0.6719,1.0,0.8037,0.0,0.6473,"{'CRITICAL_RISK': 32, 'LOW_RISK': 14, 'HIGH_RISK': 11, 'MODERATE_RISK': 7}"
"{'evasion_strategy': 'channel_hopping', 'identity_strategy': 'existing_account'}",2,ELIGIBLE,True,64,64,0,43,0,0,21,0.3281,0.2257,0.45,0.6719,1.0,0.8037,0.0,0.6473,"{'CRITICAL_RISK': 32, 'LOW_RISK': 14, 'HIGH_RISK': 11, 'MODERATE_RISK': 7}"
"{'evasion_strategy': 'risk_signal_suppression', 'identity_strategy': 'existing_account'}",2,ELIGIBLE,True,64,64,0,43,0,0,21,0.3281,0.2257,0.45,0.6719,1.0,0.8037,0.0,0.6646,"{'CRITICAL_RISK': 42, 'LOW_RISK': 18, 'MODERATE_RISK': 3, 'HIGH_RISK': 1}"
"{'evasion_strategy': 'risk_signal_suppression', 'amount_strategy': 'normal_looking', 'identity_strategy': 'existing_account'}",3,ELIGIBLE,True,64,64,0,43,0,0,21,0.3281,0.2257,0.45,0.6719,1.0,0.8037,0.0,0.6646,"{'CRITICAL_RISK': 42, 'LOW_RISK': 18, 'MODERATE_RISK': 3, 'HIGH_RISK': 1}"
"{'evasion_strategy': 'risk_signal_suppression', 'identity_strategy': 'existing_account', 'geographic_strategy': 'domestic_matching'}",3,ELIGIBLE,True,64,64,0,43,0,0,21,0.3281,0.2257,0.45,0.6719,1.0,0.8037,0.0,0.6646,"{'CRITICAL_RISK': 42, 'LOW_RISK': 18, 'MODERATE_RISK': 3, 'HIGH_RISK': 1}"
"{'evasion_strategy': 'risk_signal_suppression', 'identity_strategy': 'existing_account', 'payment_channel': 'e-commerce'}",3,ELIGIBLE,True,64,64,0,43,0,0,21,0.3281,0.2257,0.45,0.6719,1.0,0.8037,0.0,0.6646,"{'CRITICAL_RISK': 42, 'LOW_RISK': 18, 'MODERATE_RISK': 3, 'HIGH_RISK': 1}"
"{'attack_family': 'AI Agent & API Payment Exploits', 'temporal_strategy': 'distributed', 'geographic_region_or_strategy': 'domestic'}",3,ELIGIBLE,True,58,58,0,39,0,0,19,0.3276,0.2208,0.4558,0.6724,1.0,0.8041,0.0,0.6427,"{'CRITICAL_RISK': 33, 'LOW_RISK': 14, 'HIGH_RISK': 6, 'MODERATE_RISK': 5}"
"{'merchant_strategy': 'single_target', 'geographic_strategy': 'domestic_matching', 'temporal_bucket': 'afternoon (12-17)'}",3,ELIGIBLE,True,58,58,0,39,0,0,19,0.3276,0.2208,0.4558,0.6724,1.0,0.8041,0.0,0.6719,"{'CRITICAL_RISK': 35, 'LOW_RISK': 13, 'MODERATE_RISK': 6, 'HIGH_RISK': 4}"
"{'amount_bucket': 'medium (50-200)', 'geographic_region_or_strategy': 'domestic', 'temporal_bucket': 'night_off_hours (00-05)'}",3,ELIGIBLE,True,146,49,97,33,94,3,16,0.3265,0.2121,0.4662,0.6735,0.9167,0.7765,0.0309,0.2717,"{'LOW_RISK': 98, 'CRITICAL_RISK': 29, 'MODERATE_RISK': 12, 'HIGH_RISK': 7}"
"{'geographic_strategy': 'domestic_matching', 'amount_bucket': 'medium (50-200)', 'geographic_region_or_strategy': 'domestic'}",3,ELIGIBLE,True,144,144,0,97,0,0,47,0.3264,0.2552,0.4066,0.6736,1.0,0.805,0.0,0.6555,"{'CRITICAL_RISK': 83, 'LOW_RISK': 32, 'MODERATE_RISK': 15, 'HIGH_RISK': 14}"
"{'amount_bucket': 'medium (50-200)', 'geographic_region_or_strategy': 'domestic', 'temporal_bucket': 'morning (06-11)'}",3,ELIGIBLE,True,577,40,537,27,522,15,13,0.325,0.2008,0.4798,0.675,0.6429,0.6585,0.0279,0.0893,"{'LOW_RISK': 518, 'CRITICAL_RISK': 32, 'MODERATE_RISK': 17, 'HIGH_RISK': 10}"
"{'evasion_strategy': 'risk_signal_suppression', 'temporal_strategy': 'distributed', 'amount_bucket': 'medium (50-200)'}",3,ELIGIBLE,True,65,65,0,44,0,0,21,0.3231,0.222,0.4439,0.6769,1.0,0.8073,0.0,0.673,"{'CRITICAL_RISK': 41, 'LOW_RISK': 16, 'MODERATE_RISK': 5, 'HIGH_RISK': 3}"
"{'evasion_strategy': 'risk_signal_suppression', 'temporal_strategy': 'distributed', 'geographic_region_or_strategy': 'domestic'}",3,ELIGIBLE,True,78,78,0,53,0,0,25,0.3205,0.2275,0.4304,0.6795,1.0,0.8092,0.0,0.6497,"{'CRITICAL_RISK': 47, 'LOW_RISK': 19, 'MODERATE_RISK': 6, 'HIGH_RISK': 6}"
"{'merchant_strategy': 'single_target', 'geographic_region_or_strategy': 'domestic', 'temporal_bucket': 'evening (18-23)'}",3,ELIGIBLE,True,50,50,0,34,0,0,16,0.32,0.2076,0.4581,0.68,1.0,0.8095,0.0,0.6357,"{'CRITICAL_RISK': 29, 'LOW_RISK': 14, 'HIGH_RISK': 5, 'MODERATE_RISK': 2}"
"{'merchant_strategy': 'single_target', 'geographic_strategy': 'domestic_matching', 'payment_channel': 'e-commerce'}",3,ELIGIBLE,True,85,85,0,58,0,0,27,0.3176,0.2284,0.4227,0.6824,1.0,0.8112,0.0,0.6516,"{'CRITICAL_RISK': 50, 'LOW_RISK': 19, 'MODERATE_RISK': 8, 'HIGH_RISK': 8}"
"{'attack_family': 'AI Agent & API Payment Exploits', 'evasion_strategy': 'risk_signal_suppression'}",2,ELIGIBLE,True,63,63,0,43,0,0,20,0.3175,0.2159,0.44,0.6825,1.0,0.8113,0.0,0.6635,"{'CRITICAL_RISK': 39, 'LOW_RISK': 18, 'HIGH_RISK': 4, 'MODERATE_RISK': 2}"
"{'attack_family': 'AI Agent & API Payment Exploits', 'amount_strategy': 'normal_looking'}",2,ELIGIBLE,True,63,63,0,43,0,0,20,0.3175,0.2159,0.44,0.6825,1.0,0.8113,0.0,0.6635,"{'CRITICAL_RISK': 39, 'LOW_RISK': 18, 'HIGH_RISK': 4, 'MODERATE_RISK': 2}"
"{'attack_family': 'AI Agent & API Payment Exploits', 'evasion_strategy': 'risk_signal_suppression', 'amount_strategy': 'normal_looking'}",3,ELIGIBLE,True,63,63,0,43,0,0,20,0.3175,0.2159,0.44,0.6825,1.0,0.8113,0.0,0.6635,"{'CRITICAL_RISK': 39, 'LOW_RISK': 18, 'HIGH_RISK': 4, 'MODERATE_RISK': 2}"
"{'attack_family': 'AI Agent & API Payment Exploits', 'evasion_strategy': 'risk_signal_suppression', 'geographic_strategy': 'domestic_matching'}",3,ELIGIBLE,True,63,63,0,43,0,0,20,0.3175,0.2159,0.44,0.6825,1.0,0.8113,0.0,0.6635,"{'CRITICAL_RISK': 39, 'LOW_RISK': 18, 'HIGH_RISK': 4, 'MODERATE_RISK': 2}"
"{'attack_family': 'AI Agent & API Payment Exploits', 'amount_strategy': 'normal_looking', 'geographic_strategy': 'domestic_matching'}",3,ELIGIBLE,True,63,63,0,43,0,0,20,0.3175,0.2159,0.44,0.6825,1.0,0.8113,0.0,0.6635,"{'CRITICAL_RISK': 39, 'LOW_RISK': 18, 'HIGH_RISK': 4, 'MODERATE_RISK': 2}"
"{'attack_family': 'AI Agent & API Payment Exploits', 'temporal_strategy': 'distributed', 'amount_bucket': 'medium (50-200)'}",3,ELIGIBLE,True,54,54,0,37,0,0,17,0.3148,0.2068,0.4474,0.6852,1.0,0.8132,0.0,0.6773,"{'CRITICAL_RISK': 33, 'LOW_RISK': 12, 'MODERATE_RISK': 5, 'HIGH_RISK': 4}"
"{'temporal_strategy': 'distributed', 'merchant_strategy': 'single_target', 'payment_channel': 'e-commerce'}",3,ELIGIBLE,True,86,86,0,59,0,0,27,0.314,0.2256,0.4182,0.686,1.0,0.8138,0.0,0.6426,"{'CRITICAL_RISK': 45, 'LOW_RISK': 19, 'HIGH_RISK': 14, 'MODERATE_RISK': 8}"
"{'attack_family': 'Synthetic Identity & Deepfake Onboarding', 'geographic_region_or_strategy': 'domestic'}",2,ELIGIBLE,True,51,51,0,35,0,0,16,0.3137,0.2033,0.4503,0.6863,1.0,0.814,0.0,0.6576,"{'CRITICAL_RISK': 29, 'LOW_RISK': 10, 'HIGH_RISK': 6, 'MODERATE_RISK': 6}"
"{'attack_family': 'Synthetic Identity & Deepfake Onboarding', 'temporal_strategy': 'distributed', 'geographic_region_or_strategy': 'domestic'}",3,ELIGIBLE,True,51,51,0,35,0,0,16,0.3137,0.2033,0.4503,0.6863,1.0,0.814,0.0,0.6576,"{'CRITICAL_RISK': 29, 'LOW_RISK': 10, 'HIGH_RISK': 6, 'MODERATE_RISK': 6}"
"{'attack_family': 'Synthetic Identity & Deepfake Onboarding', 'geographic_strategy': 'domestic_matching', 'geographic_region_or_strategy': 'domestic'}",3,ELIGIBLE,True,51,51,0,35,0,0,16,0.3137,0.2033,0.4503,0.6863,1.0,0.814,0.0,0.6576,"{'CRITICAL_RISK': 29, 'LOW_RISK': 10, 'HIGH_RISK': 6, 'MODERATE_RISK': 6}"
"{'geographic_strategy': 'domestic_matching', 'amount_bucket': 'medium (50-200)', 'temporal_bucket': 'afternoon (12-17)'}",3,ELIGIBLE,True,58,58,0,40,0,0,18,0.3103,0.2062,0.438,0.6897,1.0,0.8163,0.0,0.6795,"{'CRITICAL_RISK': 34, 'LOW_RISK': 13, 'HIGH_RISK': 6, 'MODERATE_RISK': 5}"
"{'evasion_strategy': 'risk_signal_suppression', 'amount_bucket': 'medium (50-200)', 'payment_channel': 'e-commerce'}",3,ELIGIBLE,True,55,55,0,38,0,0,17,0.3091,0.2028,0.4403,0.6909,1.0,0.8172,0.0,0.6799,"{'CRITICAL_RISK': 35, 'LOW_RISK': 13, 'MODERATE_RISK': 4, 'HIGH_RISK': 3}"
"{'temporal_strategy': 'distributed', 'merchant_strategy': 'single_target'}",2,ELIGIBLE,True,130,130,0,90,0,0,40,0.3077,0.2348,0.3916,0.6923,1.0,0.8182,0.0,0.6671,"{'CRITICAL_RISK': 74, 'LOW_RISK': 27, 'HIGH_RISK': 16, 'MODERATE_RISK': 13}"
"{'amount_bucket': 'medium (50-200)', 'geographic_region_or_strategy': 'domestic'}",2,ELIGIBLE,True,2062,171,1891,119,1840,51,52,0.3041,0.2401,0.3767,0.6959,0.7,0.6979,0.027,0.0986,"{'LOW_RISK': 1826, 'CRITICAL_RISK': 121, 'MODERATE_RISK': 66, 'HIGH_RISK': 49}"
"{'merchant_strategy': 'single_target', 'temporal_bucket': 'evening (18-23)'}",2,ELIGIBLE,True,66,66,0,46,0,0,20,0.303,0.2055,0.4222,0.697,1.0,0.8214,0.0,0.6618,"{'CRITICAL_RISK': 39, 'LOW_RISK': 15, 'HIGH_RISK': 7, 'MODERATE_RISK': 5}"
"{'merchant_strategy': 'single_target', 'geographic_region_or_strategy': 'domestic'}",2,ELIGIBLE,True,176,176,0,123,0,0,53,0.3011,0.2382,0.3726,0.6989,1.0,0.8227,0.0,0.6727,"{'CRITICAL_RISK': 102, 'LOW_RISK': 34, 'HIGH_RISK': 21, 'MODERATE_RISK': 19}"
"{'merchant_strategy': 'single_target', 'geographic_strategy': 'domestic_matching'}",2,ELIGIBLE,True,214,214,0,150,0,0,64,0.2991,0.2417,0.3635,0.7009,1.0,0.8242,0.0,0.6862,"{'CRITICAL_RISK': 131, 'LOW_RISK': 40, 'MODERATE_RISK': 24, 'HIGH_RISK': 19}"
"{'geographic_strategy': 'domestic_matching', 'amount_bucket': 'medium (50-200)', 'temporal_bucket': 'night_off_hours (00-05)'}",3,ELIGIBLE,True,54,54,0,38,0,0,16,0.2963,0.1914,0.4283,0.7037,1.0,0.8261,0.0,0.7184,"{'CRITICAL_RISK': 35, 'LOW_RISK': 10, 'MODERATE_RISK': 6, 'HIGH_RISK': 3}"
{'attack_family': 'Synthetic Identity & Deepfake Onboarding'},1,ELIGIBLE,True,88,88,0,62,0,0,26,0.2955,0.2103,0.3977,0.7045,1.0,0.8267,0.0,0.6843,"{'CRITICAL_RISK': 53, 'LOW_RISK': 18, 'HIGH_RISK': 9, 'MODERATE_RISK': 8}"
"{'attack_family': 'Synthetic Identity & Deepfake Onboarding', 'temporal_strategy': 'distributed'}",2,ELIGIBLE,True,88,88,0,62,0,0,26,0.2955,0.2103,0.3977,0.7045,1.0,0.8267,0.0,0.6843,"{'CRITICAL_RISK': 53, 'LOW_RISK': 18, 'HIGH_RISK': 9, 'MODERATE_RISK': 8}"
"{'attack_family': 'Synthetic Identity & Deepfake Onboarding', 'geographic_strategy': 'domestic_matching'}",2,ELIGIBLE,True,88,88,0,62,0,0,26,0.2955,0.2103,0.3977,0.7045,1.0,0.8267,0.0,0.6843,"{'CRITICAL_RISK': 53, 'LOW_RISK': 18, 'HIGH_RISK': 9, 'MODERATE_RISK': 8}"
"{'attack_family': 'Synthetic Identity & Deepfake Onboarding', 'temporal_strategy': 'distributed', 'geographic_strategy': 'domestic_matching'}",3,ELIGIBLE,True,88,88,0,62,0,0,26,0.2955,0.2103,0.3977,0.7045,1.0,0.8267,0.0,0.6843,"{'CRITICAL_RISK': 53, 'LOW_RISK': 18, 'HIGH_RISK': 9, 'MODERATE_RISK': 8}"
"{'amount_bucket': 'medium (50-200)', 'temporal_bucket': 'morning (06-11)'}",2,ELIGIBLE,True,627,61,566,43,549,17,18,0.2951,0.1956,0.4189,0.7049,0.7167,0.7107,0.03,0.1114,"{'LOW_RISK': 547, 'CRITICAL_RISK': 46, 'MODERATE_RISK': 20, 'HIGH_RISK': 14}"
"{'merchant_strategy': 'single_target', 'payment_channel': 'e-commerce', 'geographic_region_or_strategy': 'domestic'}",3,ELIGIBLE,True,75,75,0,53,0,0,22,0.2933,0.2024,0.4044,0.7067,1.0,0.8281,0.0,0.6519,"{'CRITICAL_RISK': 41, 'LOW_RISK': 15, 'HIGH_RISK': 12, 'MODERATE_RISK': 7}"
"{'amount_bucket': 'medium (50-200)', 'geographic_region_or_strategy': 'domestic', 'temporal_bucket': 'evening (18-23)'}",3,ELIGIBLE,True,529,41,488,29,475,13,12,0.2927,0.1761,0.4448,0.7073,0.6905,0.6988,0.0266,0.0949,"{'LOW_RISK': 471, 'CRITICAL_RISK': 29, 'MODERATE_RISK': 16, 'HIGH_RISK': 13}"
"{'payment_channel': 'mobile_app', 'temporal_bucket': 'morning (06-11)'}",2,ELIGIBLE,True,123,24,99,17,97,2,7,0.2917,0.1491,0.4917,0.7083,0.8947,0.7907,0.0202,0.1703,"{'LOW_RISK': 100, 'CRITICAL_RISK': 15, 'HIGH_RISK': 4, 'MODERATE_RISK': 4}"
"{'geographic_strategy': 'domestic_matching', 'amount_bucket': 'medium (50-200)'}",2,ELIGIBLE,True,222,222,0,158,0,0,64,0.2883,0.2327,0.3511,0.7117,1.0,0.8316,0.0,0.6987,"{'CRITICAL_RISK': 141, 'LOW_RISK': 46, 'MODERATE_RISK': 18, 'HIGH_RISK': 17}"
"{'evasion_strategy': 'risk_signal_suppression', 'amount_bucket': 'medium (50-200)', 'geographic_region_or_strategy': 'domestic'}",3,ELIGIBLE,True,59,59,0,42,0,0,17,0.2881,0.1884,0.4138,0.7119,1.0,0.8317,0.0,0.6969,"{'CRITICAL_RISK': 39, 'LOW_RISK': 13, 'MODERATE_RISK': 4, 'HIGH_RISK': 3}"
{'identity_strategy': 'authorized_victim'},1,ELIGIBLE,True,66,66,0,47,0,0,19,0.2879,0.1927,0.4064,0.7121,1.0,0.8319,0.0,0.7317,"{'CRITICAL_RISK': 42, 'LOW_RISK': 11, 'MODERATE_RISK': 8, 'HIGH_RISK': 5}"
"{'attack_family': 'AI Social Engineering & Impersonation', 'amount_strategy': 'high_ticket_escalation'}",2,ELIGIBLE,True,66,66,0,47,0,0,19,0.2879,0.1927,0.4064,0.7121,1.0,0.8319,0.0,0.7317,"{'CRITICAL_RISK': 42, 'LOW_RISK': 11, 'MODERATE_RISK': 8, 'HIGH_RISK': 5}"
"{'attack_family': 'AI Social Engineering & Impersonation', 'identity_strategy': 'authorized_victim'}",2,ELIGIBLE,True,66,66,0,47,0,0,19,0.2879,0.1927,0.4064,0.7121,1.0,0.8319,0.0,0.7317,"{'CRITICAL_RISK': 42, 'LOW_RISK': 11, 'MODERATE_RISK': 8, 'HIGH_RISK': 5}"
"{'attack_family': 'AI Social Engineering & Impersonation', 'merchant_strategy': 'single_target'}",2,ELIGIBLE,True,66,66,0,47,0,0,19,0.2879,0.1927,0.4064,0.7121,1.0,0.8319,0.0,0.7317,"{'CRITICAL_RISK': 42, 'LOW_RISK': 11, 'MODERATE_RISK': 8, 'HIGH_RISK': 5}"
"{'amount_strategy': 'high_ticket_escalation', 'identity_strategy': 'authorized_victim'}",2,ELIGIBLE,True,66,66,0,47,0,0,19,0.2879,0.1927,0.4064,0.7121,1.0,0.8319,0.0,0.7317,"{'CRITICAL_RISK': 42, 'LOW_RISK': 11, 'MODERATE_RISK': 8, 'HIGH_RISK': 5}"
"{'identity_strategy': 'authorized_victim', 'merchant_strategy': 'single_target'}",2,ELIGIBLE,True,66,66,0,47,0,0,19,0.2879,0.1927,0.4064,0.7121,1.0,0.8319,0.0,0.7317,"{'CRITICAL_RISK': 42, 'LOW_RISK': 11, 'MODERATE_RISK': 8, 'HIGH_RISK': 5}"
"{'attack_family': 'AI Social Engineering & Impersonation', 'amount_strategy': 'high_ticket_escalation', 'identity_strategy': 'authorized_victim'}",3,ELIGIBLE,True,66,66,0,47,0,0,19,0.2879,0.1927,0.4064,0.7121,1.0,0.8319,0.0,0.7317,"{'CRITICAL_RISK': 42, 'LOW_RISK': 11, 'MODERATE_RISK': 8, 'HIGH_RISK': 5}"
"{'attack_family': 'AI Social Engineering & Impersonation', 'amount_strategy': 'high_ticket_escalation', 'merchant_strategy': 'single_target'}",3,ELIGIBLE,True,66,66,0,47,0,0,19,0.2879,0.1927,0.4064,0.7121,1.0,0.8319,0.0,0.7317,"{'CRITICAL_RISK': 42, 'LOW_RISK': 11, 'MODERATE_RISK': 8, 'HIGH_RISK': 5}"
"{'attack_family': 'AI Social Engineering & Impersonation', 'identity_strategy': 'authorized_victim', 'merchant_strategy': 'single_target'}",3,ELIGIBLE,True,66,66,0,47,0,0,19,0.2879,0.1927,0.4064,0.7121,1.0,0.8319,0.0,0.7317,"{'CRITICAL_RISK': 42, 'LOW_RISK': 11, 'MODERATE_RISK': 8, 'HIGH_RISK': 5}"
"{'amount_strategy': 'high_ticket_escalation', 'identity_strategy': 'authorized_victim', 'merchant_strategy': 'single_target'}",3,ELIGIBLE,True,66,66,0,47,0,0,19,0.2879,0.1927,0.4064,0.7121,1.0,0.8319,0.0,0.7317,"{'CRITICAL_RISK': 42, 'LOW_RISK': 11, 'MODERATE_RISK': 8, 'HIGH_RISK': 5}"
"{'temporal_strategy': 'distributed', 'geographic_strategy': 'domestic_matching', 'amount_bucket': 'medium (50-200)'}",3,ELIGIBLE,True,150,150,0,107,0,0,43,0.2867,0.2203,0.3636,0.7133,1.0,0.8327,0.0,0.7001,"{'CRITICAL_RISK': 95, 'LOW_RISK': 31, 'HIGH_RISK': 12, 'MODERATE_RISK': 12}"
"{'attack_family': 'AI Agent & API Payment Exploits', 'temporal_strategy': 'distributed'}",2,ELIGIBLE,True,84,84,0,60,0,0,24,0.2857,0.2002,0.39,0.7143,1.0,0.8333,0.0,0.691,"{'CRITICAL_RISK': 52, 'LOW_RISK': 18, 'HIGH_RISK': 8, 'MODERATE_RISK': 6}"
"{'attack_family': 'AI Agent & API Payment Exploits', 'temporal_strategy': 'distributed', 'geographic_strategy': 'domestic_matching'}",3,ELIGIBLE,True,84,84,0,60,0,0,24,0.2857,0.2002,0.39,0.7143,1.0,0.8333,0.0,0.691,"{'CRITICAL_RISK': 52, 'LOW_RISK': 18, 'HIGH_RISK': 8, 'MODERATE_RISK': 6}"
"{'merchant_strategy': 'single_target', 'amount_bucket': 'medium (50-200)', 'payment_channel': 'e-commerce'}",3,ELIGIBLE,True,70,70,0,50,0,0,20,0.2857,0.1932,0.4005,0.7143,1.0,0.8333,0.0,0.6668,"{'CRITICAL_RISK': 39, 'LOW_RISK': 13, 'HIGH_RISK': 11, 'MODERATE_RISK': 7}"
"{'amount_bucket': 'micro_low (<50)', 'geographic_region_or_strategy': 'domestic', 'temporal_bucket': 'evening (18-23)'}",3,ELIGIBLE,True,303,21,282,15,280,2,6,0.2857,0.1381,0.4996,0.7143,0.8824,0.7895,0.0071,0.0695,"{'LOW_RISK': 279, 'CRITICAL_RISK': 11, 'MODERATE_RISK': 7, 'HIGH_RISK': 6}"
"{'amount_strategy': 'normal_looking', 'identity_strategy': 'existing_account', 'geographic_strategy': 'domestic_matching'}",3,ELIGIBLE,True,127,127,0,91,0,0,36,0.2835,0.2123,0.3673,0.7165,1.0,0.8349,0.0,0.7008,"{'CRITICAL_RISK': 86, 'LOW_RISK': 28, 'MODERATE_RISK': 8, 'HIGH_RISK': 5}"
"{'evasion_strategy': 'risk_signal_suppression', 'amount_strategy': 'normal_looking', 'temporal_strategy': 'distributed'}",3,ELIGIBLE,True,85,85,0,61,0,0,24,0.2824,0.1977,0.3858,0.7176,1.0,0.8356,0.0,0.6972,"{'CRITICAL_RISK': 56, 'LOW_RISK': 19, 'MODERATE_RISK': 5, 'HIGH_RISK': 5}"
"{'identity_strategy': 'existing_account', 'merchant_strategy': 'single_target', 'payment_channel': 'e-commerce'}",3,ELIGIBLE,True,85,85,0,61,0,0,24,0.2824,0.1977,0.3858,0.7176,1.0,0.8356,0.0,0.666,"{'CRITICAL_RISK': 48, 'LOW_RISK': 18, 'HIGH_RISK': 13, 'MODERATE_RISK': 6}"
"{'amount_bucket': 'medium (50-200)', 'temporal_bucket': 'night_off_hours (00-05)'}",2,ELIGIBLE,True,172,71,101,51,98,3,20,0.2817,0.1904,0.3954,0.7183,0.9444,0.816,0.0297,0.3376,"{'LOW_RISK': 103, 'CRITICAL_RISK': 47, 'MODERATE_RISK': 15, 'HIGH_RISK': 7}"
"{'evasion_strategy': 'risk_signal_suppression', 'temporal_strategy': 'distributed'}",2,ELIGIBLE,True,107,107,0,77,0,0,30,0.2804,0.204,0.372,0.7196,1.0,0.837,0.0,0.6965,"{'CRITICAL_RISK': 71, 'LOW_RISK': 23, 'MODERATE_RISK': 7, 'HIGH_RISK': 6}"
"{'evasion_strategy': 'risk_signal_suppression', 'temporal_strategy': 'distributed', 'geographic_strategy': 'domestic_matching'}",3,ELIGIBLE,True,107,107,0,77,0,0,30,0.2804,0.204,0.372,0.7196,1.0,0.837,0.0,0.6965,"{'CRITICAL_RISK': 71, 'LOW_RISK': 23, 'MODERATE_RISK': 7, 'HIGH_RISK': 6}"
"{'temporal_strategy': 'distributed', 'amount_bucket': 'medium (50-200)', 'geographic_region_or_strategy': 'domestic'}",3,ELIGIBLE,True,125,125,0,90,0,0,35,0.28,0.2088,0.3644,0.72,1.0,0.8372,0.0,0.6959,"{'CRITICAL_RISK': 75, 'LOW_RISK': 22, 'HIGH_RISK': 15, 'MODERATE_RISK': 13}"
"{'merchant_strategy': 'single_target', 'temporal_bucket': 'morning (06-11)'}",2,ELIGIBLE,True,50,50,0,36,0,0,14,0.28,0.1747,0.4167,0.72,1.0,0.8372,0.0,0.6912,"{'CRITICAL_RISK': 28, 'HIGH_RISK': 8, 'LOW_RISK': 7, 'MODERATE_RISK': 7}"
"{'evasion_strategy': 'risk_signal_suppression', 'payment_channel': 'e-commerce'}",2,ELIGIBLE,True,86,86,0,62,0,0,24,0.2791,0.1953,0.3817,0.7209,1.0,0.8378,0.0,0.7035,"{'CRITICAL_RISK': 59, 'LOW_RISK': 19, 'MODERATE_RISK': 5, 'HIGH_RISK': 3}"
"{'evasion_strategy': 'risk_signal_suppression', 'amount_strategy': 'normal_looking', 'payment_channel': 'e-commerce'}",3,ELIGIBLE,True,86,86,0,62,0,0,24,0.2791,0.1953,0.3817,0.7209,1.0,0.8378,0.0,0.7035,"{'CRITICAL_RISK': 59, 'LOW_RISK': 19, 'MODERATE_RISK': 5, 'HIGH_RISK': 3}"
"{'evasion_strategy': 'risk_signal_suppression', 'geographic_strategy': 'domestic_matching', 'payment_channel': 'e-commerce'}",3,ELIGIBLE,True,86,86,0,62,0,0,24,0.2791,0.1953,0.3817,0.7209,1.0,0.8378,0.0,0.7035,"{'CRITICAL_RISK': 59, 'LOW_RISK': 19, 'MODERATE_RISK': 5, 'HIGH_RISK': 3}"
"{'attack_family': 'AI Agent & API Payment Exploits', 'amount_bucket': 'medium (50-200)'}",2,ELIGIBLE,True,61,61,0,44,0,0,17,0.2787,0.1819,0.4017,0.7213,1.0,0.8381,0.0,0.7122,"{'CRITICAL_RISK': 40, 'LOW_RISK': 12, 'MODERATE_RISK': 5, 'HIGH_RISK': 4}"
"{'attack_family': 'AI Agent & API Payment Exploits', 'geographic_strategy': 'domestic_matching', 'amount_bucket': 'medium (50-200)'}",3,ELIGIBLE,True,61,61,0,44,0,0,17,0.2787,0.1819,0.4017,0.7213,1.0,0.8381,0.0,0.7122,"{'CRITICAL_RISK': 40, 'LOW_RISK': 12, 'MODERATE_RISK': 5, 'HIGH_RISK': 4}"
"{'merchant_strategy': 'single_target', 'temporal_bucket': 'afternoon (12-17)'}",2,ELIGIBLE,True,72,72,0,52,0,0,20,0.2778,0.1876,0.3905,0.7222,1.0,0.8387,0.0,0.7125,"{'CRITICAL_RISK': 46, 'LOW_RISK': 13, 'MODERATE_RISK': 7, 'HIGH_RISK': 6}"
"{'geographic_strategy': 'domestic_matching', 'amount_bucket': 'medium (50-200)', 'temporal_bucket': 'evening (18-23)'}",3,ELIGIBLE,True,58,58,0,42,0,0,16,0.2759,0.1775,0.402,0.7241,1.0,0.84,0.0,0.703,"{'CRITICAL_RISK': 40, 'LOW_RISK': 13, 'MODERATE_RISK': 3, 'HIGH_RISK': 2}"
"{'identity_strategy': 'existing_account', 'geographic_strategy': 'domestic_matching', 'amount_bucket': 'medium (50-200)'}",3,ELIGIBLE,True,127,127,0,92,0,0,35,0.2756,0.2053,0.359,0.7244,1.0,0.8402,0.0,0.7072,"{'CRITICAL_RISK': 83, 'LOW_RISK': 23, 'MODERATE_RISK': 12, 'HIGH_RISK': 9}"
{'merchant_strategy': 'single_target'},1,ELIGIBLE,True,258,258,0,187,0,0,71,0.2752,0.2243,0.3327,0.7248,1.0,0.8404,0.0,0.7063,"{'CRITICAL_RISK': 160, 'LOW_RISK': 44, 'MODERATE_RISK': 27, 'HIGH_RISK': 27}"
"{'amount_strategy': 'normal_looking', 'identity_strategy': 'existing_account', 'geographic_region_or_strategy': 'domestic'}",3,ELIGIBLE,True,102,102,0,74,0,0,28,0.2745,0.1973,0.3681,0.7255,1.0,0.8409,0.0,0.6945,"{'CRITICAL_RISK': 65, 'LOW_RISK': 21, 'HIGH_RISK': 9, 'MODERATE_RISK': 7}"
"{'merchant_strategy': 'single_target', 'geographic_region_or_strategy': 'domestic', 'temporal_bucket': 'night_off_hours (00-05)'}",3,ELIGIBLE,True,51,51,0,37,0,0,14,0.2745,0.1711,0.4095,0.7255,1.0,0.8409,0.0,0.7179,"{'CRITICAL_RISK': 32, 'LOW_RISK': 9, 'MODERATE_RISK': 5, 'HIGH_RISK': 5}"
"{'identity_strategy': 'existing_account', 'amount_bucket': 'medium (50-200)', 'geographic_region_or_strategy': 'domestic'}",3,ELIGIBLE,True,106,106,0,77,0,0,29,0.2736,0.1978,0.3652,0.7264,1.0,0.8415,0.0,0.6947,"{'CRITICAL_RISK': 65, 'LOW_RISK': 17, 'HIGH_RISK': 12, 'MODERATE_RISK': 12}"
{'amount_bucket': 'medium (50-200)'},1,ELIGIBLE,True,2265,275,1990,200,1935,55,75,0.2727,0.2235,0.3282,0.7273,0.7843,0.7547,0.0276,0.1283,"{'LOW_RISK': 1934, 'CRITICAL_RISK': 199, 'MODERATE_RISK': 76, 'HIGH_RISK': 56}"
"{'geographic_strategy': 'domestic_matching', 'amount_bucket': 'medium (50-200)', 'temporal_bucket': 'morning (06-11)'}",3,ELIGIBLE,True,52,52,0,38,0,0,14,0.2692,0.1677,0.4025,0.7308,1.0,0.8444,0.0,0.6947,"{'CRITICAL_RISK': 32, 'LOW_RISK': 10, 'HIGH_RISK': 6, 'MODERATE_RISK': 4}"
"{'amount_bucket': 'medium (50-200)', 'geographic_region_or_strategy': 'domestic', 'temporal_bucket': 'afternoon (12-17)'}",3,ELIGIBLE,True,810,41,769,30,749,20,11,0.2683,0.1569,0.4193,0.7317,0.6,0.6593,0.026,0.0764,"{'LOW_RISK': 739, 'CRITICAL_RISK': 31, 'MODERATE_RISK': 21, 'HIGH_RISK': 19}"
"{'merchant_strategy': 'single_target', 'geographic_strategy': 'domestic_matching', 'temporal_bucket': 'night_off_hours (00-05)'}",3,ELIGIBLE,True,56,56,0,41,0,0,15,0.2679,0.1696,0.3959,0.7321,1.0,0.8454,0.0,0.7353,"{'CRITICAL_RISK': 37, 'LOW_RISK': 8, 'MODERATE_RISK': 7, 'HIGH_RISK': 4}"
"{'attack_family': 'AI Agent & API Payment Exploits', 'geographic_region_or_strategy': 'domestic'}",2,ELIGIBLE,True,71,71,0,52,0,0,19,0.2676,0.1785,0.3805,0.7324,1.0,0.8455,0.0,0.7006,"{'CRITICAL_RISK': 46, 'LOW_RISK': 14, 'HIGH_RISK': 6, 'MODERATE_RISK': 5}"
"{'attack_family': 'AI Agent & API Payment Exploits', 'geographic_strategy': 'domestic_matching', 'geographic_region_or_strategy': 'domestic'}",3,ELIGIBLE,True,71,71,0,52,0,0,19,0.2676,0.1785,0.3805,0.7324,1.0,0.8455,0.0,0.7006,"{'CRITICAL_RISK': 46, 'LOW_RISK': 14, 'HIGH_RISK': 6, 'MODERATE_RISK': 5}"
"{'amount_strategy': 'normal_looking', 'merchant_strategy': 'single_target', 'payment_channel': 'e-commerce'}",3,ELIGIBLE,True,86,86,0,63,0,0,23,0.2674,0.1853,0.3695,0.7326,1.0,0.8456,0.0,0.6861,"{'CRITICAL_RISK': 53, 'LOW_RISK': 19, 'HIGH_RISK': 10, 'MODERATE_RISK': 4}"
"{'amount_bucket': 'medium (50-200)', 'temporal_bucket': 'afternoon (12-17)'}",2,ELIGIBLE,True,886,76,810,56,788,22,20,0.2632,0.1773,0.3718,0.7368,0.7179,0.7273,0.0272,0.102,"{'LOW_RISK': 785, 'CRITICAL_RISK': 57, 'MODERATE_RISK': 23, 'HIGH_RISK': 21}"
"{'merchant_strategy': 'luxury_retail', 'geographic_strategy': 'domestic_matching'}",2,ELIGIBLE,True,65,65,0,48,0,0,17,0.2615,0.1702,0.3795,0.7385,1.0,0.8496,0.0,0.7105,"{'CRITICAL_RISK': 38, 'HIGH_RISK': 10, 'LOW_RISK': 10, 'MODERATE_RISK': 7}"
"{'amount_strategy': 'high_ticket_escalation', 'merchant_strategy': 'luxury_retail', 'geographic_strategy': 'domestic_matching'}",3,ELIGIBLE,True,65,65,0,48,0,0,17,0.2615,0.1702,0.3795,0.7385,1.0,0.8496,0.0,0.7105,"{'CRITICAL_RISK': 38, 'HIGH_RISK': 10, 'LOW_RISK': 10, 'MODERATE_RISK': 7}"
"{'temporal_strategy': 'distributed', 'merchant_strategy': 'luxury_retail', 'geographic_strategy': 'domestic_matching'}",3,ELIGIBLE,True,65,65,0,48,0,0,17,0.2615,0.1702,0.3795,0.7385,1.0,0.8496,0.0,0.7105,"{'CRITICAL_RISK': 38, 'HIGH_RISK': 10, 'LOW_RISK': 10, 'MODERATE_RISK': 7}"
"{'amount_bucket': 'medium (50-200)', 'geographic_region_or_strategy': 'cross_border', 'temporal_bucket': 'afternoon (12-17)'}",3,ELIGIBLE,True,76,35,41,26,39,2,9,0.2571,0.1416,0.4207,0.7429,0.9286,0.8254,0.0488,0.3754,"{'LOW_RISK': 46, 'CRITICAL_RISK': 26, 'MODERATE_RISK': 2, 'HIGH_RISK': 2}"
"{'temporal_strategy': 'distributed', 'amount_bucket': 'medium (50-200)'}",2,ELIGIBLE,True,195,195,0,145,0,0,50,0.2564,0.2002,0.322,0.7436,1.0,0.8529,0.0,0.7273,"{'CRITICAL_RISK': 127, 'LOW_RISK': 33, 'HIGH_RISK': 18, 'MODERATE_RISK': 17}"
{'payment_channel': 'p2p_transfer'},1,ELIGIBLE,True,180,86,94,64,93,1,22,0.2558,0.1754,0.3571,0.7442,0.9846,0.8477,0.0106,0.375,"{'LOW_RISK': 101, 'CRITICAL_RISK': 56, 'MODERATE_RISK': 14, 'HIGH_RISK': 9}"
"{'payment_channel': 'p2p_transfer', 'geographic_region_or_strategy': 'domestic'}",2,ELIGIBLE,True,135,43,92,32,91,1,11,0.2558,0.1493,0.4024,0.7442,0.9697,0.8421,0.0109,0.2564,"{'LOW_RISK': 94, 'CRITICAL_RISK': 27, 'MODERATE_RISK': 8, 'HIGH_RISK': 6}"
"{'amount_strategy': 'high_ticket_escalation', 'temporal_strategy': 'distributed', 'temporal_bucket': 'morning (06-11)'}",3,ELIGIBLE,True,55,55,0,41,0,0,14,0.2545,0.1581,0.383,0.7455,1.0,0.8542,0.0,0.7323,"{'CRITICAL_RISK': 37, 'LOW_RISK': 11, 'HIGH_RISK': 4, 'MODERATE_RISK': 3}"
"{'temporal_strategy': 'distributed', 'amount_bucket': 'medium (50-200)', 'temporal_bucket': 'night_off_hours (00-05)'}",3,ELIGIBLE,True,55,55,0,41,0,0,14,0.2545,0.1581,0.383,0.7455,1.0,0.8542,0.0,0.7472,"{'CRITICAL_RISK': 36, 'MODERATE_RISK': 7, 'LOW_RISK': 7, 'HIGH_RISK': 5}"
"{'amount_bucket': 'medium (50-200)', 'temporal_bucket': 'evening (18-23)'}",2,ELIGIBLE,True,580,67,513,50,500,13,17,0.2537,0.1649,0.3693,0.7463,0.7937,0.7692,0.0253,0.1246,"{'LOW_RISK': 499, 'CRITICAL_RISK': 49, 'MODERATE_RISK': 18, 'HIGH_RISK': 14}"
"{'identity_strategy': 'existing_account', 'geographic_strategy': 'domestic_matching', 'geographic_region_or_strategy': 'domestic'}",3,ELIGIBLE,True,150,150,0,112,0,0,38,0.2533,0.1905,0.3285,0.7467,1.0,0.855,0.0,0.7172,"{'CRITICAL_RISK': 99, 'LOW_RISK': 24, 'MODERATE_RISK': 14, 'HIGH_RISK': 13}"
"{'merchant_strategy': 'single_target', 'payment_channel': 'e-commerce'}",2,ELIGIBLE,True,107,107,0,80,0,0,27,0.2523,0.1796,0.3422,0.7477,1.0,0.8556,0.0,0.6969,"{'CRITICAL_RISK': 65, 'LOW_RISK': 19, 'HIGH_RISK': 15, 'MODERATE_RISK': 8}"
"{'amount_strategy': 'normal_looking', 'geographic_strategy': 'domestic_matching', 'amount_bucket': 'medium (50-200)'}",3,ELIGIBLE,True,116,116,0,87,0,0,29,0.25,0.1801,0.336,0.75,1.0,0.8571,0.0,0.7397,"{'CRITICAL_RISK': 82, 'LOW_RISK': 21, 'MODERATE_RISK': 8, 'HIGH_RISK': 5}"
{'temporal_strategy': 'rapid_burst'},1,ELIGIBLE,True,84,84,0,63,0,0,21,0.25,0.1697,0.3521,0.75,1.0,0.8571,0.0,0.7489,"{'CRITICAL_RISK': 58, 'LOW_RISK': 14, 'MODERATE_RISK': 7, 'HIGH_RISK': 5}"
"{'amount_strategy': 'high_ticket_escalation', 'merchant_strategy': 'single_target', 'geographic_region_or_strategy': 'domestic'}",3,ELIGIBLE,True,72,72,0,54,0,0,18,0.25,0.1644,0.3609,0.75,1.0,0.8571,0.0,0.7429,"{'CRITICAL_RISK': 49, 'LOW_RISK': 12, 'MODERATE_RISK': 6, 'HIGH_RISK': 5}"
"{'amount_strategy': 'normal_looking', 'amount_bucket': 'medium (50-200)', 'geographic_region_or_strategy': 'domestic'}",3,ELIGIBLE,True,93,93,0,70,0,0,23,0.2473,0.1708,0.3438,0.7527,1.0,0.8589,0.0,0.7245,"{'CRITICAL_RISK': 61, 'LOW_RISK': 15, 'HIGH_RISK': 9, 'MODERATE_RISK': 8}"
"{'evasion_strategy': 'risk_signal_suppression', 'amount_bucket': 'medium (50-200)'}",2,ELIGIBLE,True,85,85,0,64,0,0,21,0.2471,0.1676,0.3483,0.7529,1.0,0.8591,0.0,0.7362,"{'CRITICAL_RISK': 60, 'LOW_RISK': 16, 'MODERATE_RISK': 5, 'HIGH_RISK': 4}"
"{'evasion_strategy': 'risk_signal_suppression', 'geographic_strategy': 'domestic_matching', 'amount_bucket': 'medium (50-200)'}",3,ELIGIBLE,True,85,85,0,64,0,0,21,0.2471,0.1676,0.3483,0.7529,1.0,0.8591,0.0,0.7362,"{'CRITICAL_RISK': 60, 'LOW_RISK': 16, 'MODERATE_RISK': 5, 'HIGH_RISK': 4}"
"{'merchant_strategy': 'single_target', 'payment_channel': 'p2p_transfer'}",2,ELIGIBLE,True,65,65,0,49,0,0,16,0.2462,0.1576,0.3631,0.7538,1.0,0.8596,0.0,0.7511,"{'CRITICAL_RISK': 42, 'MODERATE_RISK': 9, 'HIGH_RISK': 7, 'LOW_RISK': 7}"
"{'geographic_strategy': 'domestic_matching', 'payment_channel': 'p2p_transfer'}",2,ELIGIBLE,True,65,65,0,49,0,0,16,0.2462,0.1576,0.3631,0.7538,1.0,0.8596,0.0,0.7511,"{'CRITICAL_RISK': 42, 'MODERATE_RISK': 9, 'HIGH_RISK': 7, 'LOW_RISK': 7}"
"{'merchant_strategy': 'single_target', 'geographic_strategy': 'domestic_matching', 'payment_channel': 'p2p_transfer'}",3,ELIGIBLE,True,65,65,0,49,0,0,16,0.2462,0.1576,0.3631,0.7538,1.0,0.8596,0.0,0.7511,"{'CRITICAL_RISK': 42, 'MODERATE_RISK': 9, 'HIGH_RISK': 7, 'LOW_RISK': 7}"
"{'identity_strategy': 'existing_account', 'geographic_region_or_strategy': 'domestic', 'temporal_bucket': 'night_off_hours (00-05)'}",3,ELIGIBLE,True,53,53,0,40,0,0,13,0.2453,0.1493,0.3757,0.7547,1.0,0.8602,0.0,0.7511,"{'CRITICAL_RISK': 36, 'LOW_RISK': 7, 'MODERATE_RISK': 6, 'HIGH_RISK': 4}"
"{'merchant_strategy': 'single_target', 'temporal_bucket': 'night_off_hours (00-05)'}",2,ELIGIBLE,True,70,70,0,53,0,0,17,0.2429,0.1575,0.355,0.7571,1.0,0.8618,0.0,0.7528,"{'CRITICAL_RISK': 47, 'LOW_RISK': 9, 'MODERATE_RISK': 8, 'HIGH_RISK': 6}"
"{'identity_strategy': 'existing_account', 'geographic_strategy': 'domestic_matching', 'temporal_bucket': 'afternoon (12-17)'}",3,ELIGIBLE,True,66,66,0,50,0,0,16,0.2424,0.1551,0.3581,0.7576,1.0,0.8621,0.0,0.7417,"{'CRITICAL_RISK': 45, 'LOW_RISK': 10, 'MODERATE_RISK': 6, 'HIGH_RISK': 5}"
"{'geographic_strategy': 'domestic_matching', 'geographic_region_or_strategy': 'domestic', 'temporal_bucket': 'evening (18-23)'}",3,ELIGIBLE,True,79,79,0,60,0,0,19,0.2405,0.1597,0.3454,0.7595,1.0,0.8633,0.0,0.7182,"{'CRITICAL_RISK': 53, 'LOW_RISK': 14, 'HIGH_RISK': 7, 'MODERATE_RISK': 5}"
"{'evasion_strategy': 'risk_signal_suppression', 'geographic_region_or_strategy': 'domestic'}",2,ELIGIBLE,True,104,104,0,79,0,0,25,0.2404,0.1685,0.3308,0.7596,1.0,0.8634,0.0,0.7247,"{'CRITICAL_RISK': 73, 'LOW_RISK': 19, 'MODERATE_RISK': 6, 'HIGH_RISK': 6}"
"{'evasion_strategy': 'risk_signal_suppression', 'geographic_strategy': 'domestic_matching', 'geographic_region_or_strategy': 'domestic'}",3,ELIGIBLE,True,104,104,0,79,0,0,25,0.2404,0.1685,0.3308,0.7596,1.0,0.8634,0.0,0.7247,"{'CRITICAL_RISK': 73, 'LOW_RISK': 19, 'MODERATE_RISK': 6, 'HIGH_RISK': 6}"
"{'identity_strategy': 'existing_account', 'amount_bucket': 'medium (50-200)'}",2,ELIGIBLE,True,171,171,0,130,0,0,41,0.2398,0.1819,0.309,0.7602,1.0,0.8638,0.0,0.7331,"{'CRITICAL_RISK': 114, 'LOW_RISK': 26, 'HIGH_RISK': 16, 'MODERATE_RISK': 15}"
"{'amount_strategy': 'high_ticket_escalation', 'temporal_bucket': 'morning (06-11)'}",2,ELIGIBLE,True,63,63,0,48,0,0,15,0.2381,0.1499,0.3564,0.7619,1.0,0.8649,0.0,0.7501,"{'CRITICAL_RISK': 44, 'LOW_RISK': 12, 'HIGH_RISK': 4, 'MODERATE_RISK': 3}"
"{'temporal_strategy': 'rapid_burst', 'geographic_strategy': 'domestic_matching'}",2,ELIGIBLE,True,63,63,0,48,0,0,15,0.2381,0.1499,0.3564,0.7619,1.0,0.8649,0.0,0.7535,"{'CRITICAL_RISK': 44, 'LOW_RISK': 10, 'MODERATE_RISK': 5, 'HIGH_RISK': 4}"
"{'amount_bucket': 'medium (50-200)', 'geographic_region_or_strategy': 'cross_border', 'temporal_bucket': 'morning (06-11)'}",3,ELIGIBLE,True,50,21,29,16,27,2,5,0.2381,0.1063,0.4509,0.7619,0.8889,0.8205,0.069,0.3665,"{'LOW_RISK': 29, 'CRITICAL_RISK': 14, 'HIGH_RISK': 4, 'MODERATE_RISK': 3}"
"{'amount_strategy': 'normal_looking', 'geographic_strategy': 'domestic_matching', 'geographic_region_or_strategy': 'domestic'}",3,ELIGIBLE,True,131,131,0,100,0,0,31,0.2366,0.172,0.3163,0.7634,1.0,0.8658,0.0,0.7328,"{'CRITICAL_RISK': 92, 'LOW_RISK': 22, 'MODERATE_RISK': 9, 'HIGH_RISK': 8}"
"{'temporal_strategy': 'distributed', 'amount_bucket': 'micro_low (<50)', 'geographic_region_or_strategy': 'domestic'}",3,ELIGIBLE,True,51,51,0,39,0,0,12,0.2353,0.14,0.3676,0.7647,1.0,0.8667,0.0,0.6971,"{'CRITICAL_RISK': 28, 'HIGH_RISK': 11, 'LOW_RISK': 7, 'MODERATE_RISK': 5}"
"{'temporal_strategy': 'distributed', 'geographic_region_or_strategy': 'domestic', 'temporal_bucket': 'morning (06-11)'}",3,ELIGIBLE,True,60,60,0,46,0,0,14,0.2333,0.1444,0.3544,0.7667,1.0,0.8679,0.0,0.7289,"{'CRITICAL_RISK': 38, 'HIGH_RISK': 8, 'LOW_RISK': 8, 'MODERATE_RISK': 6}"
"{'identity_strategy': 'existing_account', 'geographic_strategy': 'domestic_matching', 'temporal_bucket': 'night_off_hours (00-05)'}",3,ELIGIBLE,True,56,56,0,43,0,0,13,0.2321,0.141,0.3577,0.7679,1.0,0.8687,0.0,0.7691,"{'CRITICAL_RISK': 41, 'LOW_RISK': 7, 'MODERATE_RISK': 6, 'HIGH_RISK': 2}"
"{'evasion_strategy': 'trusted_session_behavior', 'amount_strategy': 'high_ticket_escalation'}",2,ELIGIBLE,True,65,65,0,50,0,0,15,0.2308,0.1451,0.3464,0.7692,1.0,0.8696,0.0,0.7744,"{'CRITICAL_RISK': 44, 'LOW_RISK': 8, 'MODERATE_RISK': 7, 'HIGH_RISK': 6}"
"{'evasion_strategy': 'trusted_session_behavior', 'geographic_strategy': 'domestic_matching'}",2,ELIGIBLE,True,65,65,0,50,0,0,15,0.2308,0.1451,0.3464,0.7692,1.0,0.8696,0.0,0.7744,"{'CRITICAL_RISK': 44, 'LOW_RISK': 8, 'MODERATE_RISK': 7, 'HIGH_RISK': 6}"
"{'evasion_strategy': 'trusted_session_behavior', 'amount_strategy': 'high_ticket_escalation', 'geographic_strategy': 'domestic_matching'}",3,ELIGIBLE,True,65,65,0,50,0,0,15,0.2308,0.1451,0.3464,0.7692,1.0,0.8696,0.0,0.7744,"{'CRITICAL_RISK': 44, 'LOW_RISK': 8, 'MODERATE_RISK': 7, 'HIGH_RISK': 6}"
"{'evasion_strategy': 'risk_signal_suppression', 'amount_strategy': 'normal_looking', 'amount_bucket': 'medium (50-200)'}",3,ELIGIBLE,True,74,74,0,57,0,0,17,0.2297,0.1487,0.3375,0.7703,1.0,0.8702,0.0,0.7552,"{'CRITICAL_RISK': 54, 'LOW_RISK': 13, 'MODERATE_RISK': 4, 'HIGH_RISK': 3}"
"{'amount_strategy': 'high_ticket_escalation', 'merchant_strategy': 'single_target'}",2,ELIGIBLE,True,109,109,0,84,0,0,25,0.2294,0.1605,0.3167,0.7706,1.0,0.8705,0.0,0.7719,"{'CRITICAL_RISK': 78, 'LOW_RISK': 15, 'MODERATE_RISK': 10, 'HIGH_RISK': 6}"
{'attack_family': 'AI Agent & API Payment Exploits'},1,ELIGIBLE,True,105,105,0,81,0,0,24,0.2286,0.1587,0.3176,0.7714,1.0,0.871,0.0,0.7441,"{'CRITICAL_RISK': 72, 'LOW_RISK': 18, 'HIGH_RISK': 9, 'MODERATE_RISK': 6}"
"{'attack_family': 'AI Agent & API Payment Exploits', 'geographic_strategy': 'domestic_matching'}",2,ELIGIBLE,True,105,105,0,81,0,0,24,0.2286,0.1587,0.3176,0.7714,1.0,0.871,0.0,0.7441,"{'CRITICAL_RISK': 72, 'LOW_RISK': 18, 'HIGH_RISK': 9, 'MODERATE_RISK': 6}"
"{'amount_strategy': 'normal_looking', 'identity_strategy': 'existing_account', 'amount_bucket': 'medium (50-200)'}",3,ELIGIBLE,True,114,114,0,88,0,0,26,0.2281,0.1607,0.3132,0.7719,1.0,0.8713,0.0,0.7437,"{'CRITICAL_RISK': 79, 'LOW_RISK': 20, 'HIGH_RISK': 9, 'MODERATE_RISK': 6}"
"{'merchant_strategy': 'luxury_retail', 'geographic_region_or_strategy': 'domestic'}",2,ELIGIBLE,True,57,57,0,44,0,0,13,0.2281,0.1384,0.3521,0.7719,1.0,0.8713,0.0,0.761,"{'CRITICAL_RISK': 37, 'HIGH_RISK': 7, 'MODERATE_RISK': 7, 'LOW_RISK': 6}"
"{'amount_strategy': 'high_ticket_escalation', 'merchant_strategy': 'luxury_retail', 'geographic_region_or_strategy': 'domestic'}",3,ELIGIBLE,True,57,57,0,44,0,0,13,0.2281,0.1384,0.3521,0.7719,1.0,0.8713,0.0,0.761,"{'CRITICAL_RISK': 37, 'HIGH_RISK': 7, 'MODERATE_RISK': 7, 'LOW_RISK': 6}"
"{'amount_strategy': 'normal_looking', 'geographic_strategy': 'domestic_matching', 'temporal_bucket': 'afternoon (12-17)'}",3,ELIGIBLE,True,57,57,0,44,0,0,13,0.2281,0.1384,0.3521,0.7719,1.0,0.8713,0.0,0.7608,"{'CRITICAL_RISK': 42, 'LOW_RISK': 10, 'MODERATE_RISK': 3, 'HIGH_RISK': 2}"
"{'temporal_strategy': 'distributed', 'merchant_strategy': 'luxury_retail', 'geographic_region_or_strategy': 'domestic'}",3,ELIGIBLE,True,57,57,0,44,0,0,13,0.2281,0.1384,0.3521,0.7719,1.0,0.8713,0.0,0.761,"{'CRITICAL_RISK': 37, 'HIGH_RISK': 7, 'MODERATE_RISK': 7, 'LOW_RISK': 6}"
"{'amount_strategy': 'normal_looking', 'temporal_strategy': 'distributed', 'geographic_strategy': 'domestic_matching'}",3,ELIGIBLE,True,106,106,0,82,0,0,24,0.2264,0.1571,0.3148,0.7736,1.0,0.8723,0.0,0.7511,"{'CRITICAL_RISK': 77, 'LOW_RISK': 19, 'MODERATE_RISK': 5, 'HIGH_RISK': 5}"
"{'amount_strategy': 'high_ticket_escalation', 'geographic_strategy': 'domestic_matching', 'temporal_bucket': 'morning (06-11)'}",3,ELIGIBLE,True,53,53,0,41,0,0,12,0.2264,0.1345,0.3553,0.7736,1.0,0.8723,0.0,0.7548,"{'CRITICAL_RISK': 38, 'LOW_RISK': 10, 'HIGH_RISK': 3, 'MODERATE_RISK': 2}"
"{'evasion_strategy': 'risk_signal_suppression', 'amount_strategy': 'normal_looking', 'geographic_region_or_strategy': 'domestic'}",3,ELIGIBLE,True,89,89,0,69,0,0,20,0.2247,0.1504,0.3218,0.7753,1.0,0.8734,0.0,0.743,"{'CRITICAL_RISK': 64, 'LOW_RISK': 15, 'MODERATE_RISK': 5, 'HIGH_RISK': 5}"
"{'amount_strategy': 'normal_looking', 'temporal_strategy': 'distributed', 'payment_channel': 'e-commerce'}",3,ELIGIBLE,True,107,107,0,83,0,0,24,0.2243,0.1556,0.3121,0.7757,1.0,0.8737,0.0,0.7442,"{'CRITICAL_RISK': 74, 'LOW_RISK': 19, 'HIGH_RISK': 9, 'MODERATE_RISK': 5}"
"{'amount_strategy': 'normal_looking', 'identity_strategy': 'existing_account', 'temporal_bucket': 'afternoon (12-17)'}",3,ELIGIBLE,True,58,58,0,45,0,0,13,0.2241,0.1359,0.3466,0.7759,1.0,0.8738,0.0,0.7579,"{'CRITICAL_RISK': 42, 'LOW_RISK': 10, 'HIGH_RISK': 3, 'MODERATE_RISK': 3}"
"{'temporal_strategy': 'distributed', 'geographic_strategy': 'domestic_matching', 'geographic_region_or_strategy': 'domestic'}",3,ELIGIBLE,True,201,201,0,156,0,0,45,0.2239,0.1717,0.2864,0.7761,1.0,0.8739,0.0,0.7355,"{'CRITICAL_RISK': 133, 'LOW_RISK': 29, 'HIGH_RISK': 23, 'MODERATE_RISK': 16}"
"{'payment_channel': 'p2p_transfer', 'temporal_bucket': 'afternoon (12-17)'}",2,ELIGIBLE,True,60,27,33,21,33,0,6,0.2222,0.1061,0.4076,0.7778,1.0,0.875,0.0,0.3475,"{'LOW_RISK': 35, 'CRITICAL_RISK': 16, 'HIGH_RISK': 5, 'MODERATE_RISK': 4}"
"{'amount_bucket': 'medium (50-200)', 'geographic_region_or_strategy': 'cross_border'}",2,ELIGIBLE,True,203,104,99,81,95,4,23,0.2212,0.1521,0.31,0.7788,0.9529,0.8571,0.0404,0.4303,"{'LOW_RISK': 108, 'CRITICAL_RISK': 78, 'MODERATE_RISK': 10, 'HIGH_RISK': 7}"
{'merchant_strategy': 'luxury_retail'},1,ELIGIBLE,True,86,86,0,67,0,0,19,0.2209,0.1462,0.3195,0.7791,1.0,0.8758,0.0,0.7593,"{'CRITICAL_RISK': 57, 'HIGH_RISK': 10, 'LOW_RISK': 10, 'MODERATE_RISK': 9}"
"{'amount_strategy': 'high_ticket_escalation', 'merchant_strategy': 'luxury_retail'}",2,ELIGIBLE,True,86,86,0,67,0,0,19,0.2209,0.1462,0.3195,0.7791,1.0,0.8758,0.0,0.7593,"{'CRITICAL_RISK': 57, 'HIGH_RISK': 10, 'LOW_RISK': 10, 'MODERATE_RISK': 9}"
"{'temporal_strategy': 'distributed', 'merchant_strategy': 'luxury_retail'}",2,ELIGIBLE,True,86,86,0,67,0,0,19,0.2209,0.1462,0.3195,0.7791,1.0,0.8758,0.0,0.7593,"{'CRITICAL_RISK': 57, 'HIGH_RISK': 10, 'LOW_RISK': 10, 'MODERATE_RISK': 9}"
"{'amount_strategy': 'high_ticket_escalation', 'temporal_strategy': 'distributed', 'merchant_strategy': 'luxury_retail'}",3,ELIGIBLE,True,86,86,0,67,0,0,19,0.2209,0.1462,0.3195,0.7791,1.0,0.8758,0.0,0.7593,"{'CRITICAL_RISK': 57, 'HIGH_RISK': 10, 'LOW_RISK': 10, 'MODERATE_RISK': 9}"
"{'attack_family': 'AI Social Engineering & Impersonation', 'geographic_region_or_strategy': 'domestic'}",2,ELIGIBLE,True,59,59,0,46,0,0,13,0.2203,0.1335,0.3413,0.7797,1.0,0.8762,0.0,0.7745,"{'CRITICAL_RISK': 42, 'LOW_RISK': 8, 'MODERATE_RISK': 5, 'HIGH_RISK': 4}"
"{'merchant_strategy': 'single_target', 'geographic_region_or_strategy': 'cross_border'}",2,ELIGIBLE,True,82,82,0,64,0,0,18,0.2195,0.1436,0.3205,0.7805,1.0,0.8767,0.0,0.7785,"{'CRITICAL_RISK': 58, 'LOW_RISK': 10, 'MODERATE_RISK': 8, 'HIGH_RISK': 6}"
"{'identity_strategy': 'existing_account', 'geographic_strategy': 'domestic_matching'}",2,ELIGIBLE,True,234,234,0,183,0,0,51,0.2179,0.1698,0.2752,0.7821,1.0,0.8777,0.0,0.7539,"{'CRITICAL_RISK': 164, 'LOW_RISK': 32, 'MODERATE_RISK': 19, 'HIGH_RISK': 19}"
"{'geographic_strategy': 'domestic_matching', 'amount_bucket': 'medium (50-200)', 'geographic_region_or_strategy': 'cross_border'}",3,ELIGIBLE,True,78,78,0,61,0,0,17,0.2179,0.1408,0.3216,0.7821,1.0,0.8777,0.0,0.7784,"{'CRITICAL_RISK': 58, 'LOW_RISK': 14, 'HIGH_RISK': 3, 'MODERATE_RISK': 3}"
"{'amount_strategy': 'high_ticket_escalation', 'geographic_strategy': 'domestic_matching', 'geographic_region_or_strategy': 'domestic'}",3,ELIGIBLE,True,124,124,0,97,0,0,27,0.2177,0.1542,0.2983,0.7823,1.0,0.8778,0.0,0.7587,"{'CRITICAL_RISK': 85, 'LOW_RISK': 18, 'HIGH_RISK': 12, 'MODERATE_RISK': 9}"
"{'geographic_region_or_strategy': 'domestic', 'temporal_bucket': 'evening (18-23)'}",2,ELIGIBLE,True,932,92,840,72,821,19,20,0.2174,0.1454,0.3121,0.7826,0.7912,0.7869,0.0226,0.1129,"{'LOW_RISK': 813, 'CRITICAL_RISK': 68, 'MODERATE_RISK': 28, 'HIGH_RISK': 23}"
"{'temporal_strategy': 'distributed', 'amount_bucket': 'medium (50-200)', 'payment_channel': 'e-commerce'}",3,ELIGIBLE,True,106,106,0,83,0,0,23,0.217,0.1492,0.3046,0.783,1.0,0.8783,0.0,0.7474,"{'CRITICAL_RISK': 71, 'LOW_RISK': 13, 'HIGH_RISK': 12, 'MODERATE_RISK': 10}"
"{'geographic_strategy': 'domestic_matching', 'geographic_region_or_strategy': 'domestic'}",2,ELIGIBLE,True,309,309,0,242,0,0,67,0.2168,0.1745,0.2661,0.7832,1.0,0.8784,0.0,0.7474,"{'CRITICAL_RISK': 211, 'LOW_RISK': 42, 'HIGH_RISK': 31, 'MODERATE_RISK': 25}"
"{'amount_bucket': 'medium (50-200)', 'merchant_category': 'marketplace', 'geographic_region_or_strategy': 'domestic'}",3,ELIGIBLE,True,246,37,209,29,198,11,8,0.2162,0.1139,0.372,0.7838,0.725,0.7532,0.0526,0.1924,"{'LOW_RISK': 188, 'CRITICAL_RISK': 32, 'MODERATE_RISK': 18, 'HIGH_RISK': 8}"
{'attack_family': 'AI Social Engineering & Impersonation'},1,ELIGIBLE,True,88,88,0,69,0,0,19,0.2159,0.1428,0.3128,0.7841,1.0,0.879,0.0,0.7806,"{'CRITICAL_RISK': 63, 'LOW_RISK': 11, 'MODERATE_RISK': 8, 'HIGH_RISK': 6}"
{'evasion_strategy': 'biometric_spoofing'},1,ELIGIBLE,True,65,65,0,51,0,0,14,0.2154,0.1329,0.3297,0.7846,1.0,0.8793,0.0,0.7599,"{'CRITICAL_RISK': 45, 'LOW_RISK': 11, 'HIGH_RISK': 6, 'MODERATE_RISK': 3}"
"{'evasion_strategy': 'biometric_spoofing', 'amount_strategy': 'high_ticket_escalation'}",2,ELIGIBLE,True,65,65,0,51,0,0,14,0.2154,0.1329,0.3297,0.7846,1.0,0.8793,0.0,0.7599,"{'CRITICAL_RISK': 45, 'LOW_RISK': 11, 'HIGH_RISK': 6, 'MODERATE_RISK': 3}"
"{'evasion_strategy': 'biometric_spoofing', 'temporal_strategy': 'distributed'}",2,ELIGIBLE,True,65,65,0,51,0,0,14,0.2154,0.1329,0.3297,0.7846,1.0,0.8793,0.0,0.7599,"{'CRITICAL_RISK': 45, 'LOW_RISK': 11, 'HIGH_RISK': 6, 'MODERATE_RISK': 3}"
"{'evasion_strategy': 'trusted_device_masking', 'merchant_strategy': 'single_target'}",2,ELIGIBLE,True,65,65,0,51,0,0,14,0.2154,0.1329,0.3297,0.7846,1.0,0.8793,0.0,0.7883,"{'CRITICAL_RISK': 47, 'LOW_RISK': 9, 'MODERATE_RISK': 5, 'HIGH_RISK': 4}"
"{'evasion_strategy': 'biometric_spoofing', 'geographic_strategy': 'domestic_matching'}",2,ELIGIBLE,True,65,65,0,51,0,0,14,0.2154,0.1329,0.3297,0.7846,1.0,0.8793,0.0,0.7599,"{'CRITICAL_RISK': 45, 'LOW_RISK': 11, 'HIGH_RISK': 6, 'MODERATE_RISK': 3}"
"{'evasion_strategy': 'biometric_spoofing', 'amount_strategy': 'high_ticket_escalation', 'temporal_strategy': 'distributed'}",3,ELIGIBLE,True,65,65,0,51,0,0,14,0.2154,0.1329,0.3297,0.7846,1.0,0.8793,0.0,0.7599,"{'CRITICAL_RISK': 45, 'LOW_RISK': 11, 'HIGH_RISK': 6, 'MODERATE_RISK': 3}"
"{'evasion_strategy': 'trusted_device_masking', 'amount_strategy': 'high_ticket_escalation', 'merchant_strategy': 'single_target'}",3,ELIGIBLE,True,65,65,0,51,0,0,14,0.2154,0.1329,0.3297,0.7846,1.0,0.8793,0.0,0.7883,"{'CRITICAL_RISK': 47, 'LOW_RISK': 9, 'MODERATE_RISK': 5, 'HIGH_RISK': 4}"
"{'evasion_strategy': 'biometric_spoofing', 'amount_strategy': 'high_ticket_escalation', 'geographic_strategy': 'domestic_matching'}",3,ELIGIBLE,True,65,65,0,51,0,0,14,0.2154,0.1329,0.3297,0.7846,1.0,0.8793,0.0,0.7599,"{'CRITICAL_RISK': 45, 'LOW_RISK': 11, 'HIGH_RISK': 6, 'MODERATE_RISK': 3}"
"{'evasion_strategy': 'biometric_spoofing', 'temporal_strategy': 'distributed', 'geographic_strategy': 'domestic_matching'}",3,ELIGIBLE,True,65,65,0,51,0,0,14,0.2154,0.1329,0.3297,0.7846,1.0,0.8793,0.0,0.7599,"{'CRITICAL_RISK': 45, 'LOW_RISK': 11, 'HIGH_RISK': 6, 'MODERATE_RISK': 3}"
"{'amount_strategy': 'normal_looking', 'temporal_strategy': 'distributed', 'geographic_region_or_strategy': 'domestic'}",3,ELIGIBLE,True,93,93,0,73,0,0,20,0.2151,0.1438,0.309,0.7849,1.0,0.8795,0.0,0.7407,"{'CRITICAL_RISK': 62, 'LOW_RISK': 15, 'HIGH_RISK': 11, 'MODERATE_RISK': 5}"
"{'temporal_strategy': 'distributed', 'identity_strategy': 'existing_account', 'geographic_strategy': 'domestic_matching'}",3,ELIGIBLE,True,149,149,0,117,0,0,32,0.2148,0.1564,0.2874,0.7852,1.0,0.8797,0.0,0.7595,"{'CRITICAL_RISK': 106, 'LOW_RISK': 22, 'HIGH_RISK': 11, 'MODERATE_RISK': 10}"
"{'temporal_strategy': 'distributed', 'amount_bucket': 'medium (50-200)', 'geographic_region_or_strategy': 'cross_border'}",3,ELIGIBLE,True,70,70,0,55,0,0,15,0.2143,0.1344,0.3239,0.7857,1.0,0.88,0.0,0.7834,"{'CRITICAL_RISK': 52, 'LOW_RISK': 11, 'MODERATE_RISK': 4, 'HIGH_RISK': 3}"
"{'merchant_strategy': 'single_target', 'geographic_strategy': 'domestic_matching', 'geographic_region_or_strategy': 'cross_border'}",3,ELIGIBLE,True,70,70,0,55,0,0,15,0.2143,0.1344,0.3239,0.7857,1.0,0.88,0.0,0.784,"{'CRITICAL_RISK': 50, 'LOW_RISK': 8, 'MODERATE_RISK': 7, 'HIGH_RISK': 5}"
"{'identity_strategy': 'existing_account', 'geographic_region_or_strategy': 'domestic'}",2,ELIGIBLE,True,187,187,0,147,0,0,40,0.2139,0.1612,0.2781,0.7861,1.0,0.8802,0.0,0.7515,"{'CRITICAL_RISK': 128, 'LOW_RISK': 24, 'HIGH_RISK': 19, 'MODERATE_RISK': 16}"
"{'geographic_strategy': 'domestic_matching', 'geographic_region_or_strategy': 'domestic', 'temporal_bucket': 'morning (06-11)'}",3,ELIGIBLE,True,75,75,0,59,0,0,16,0.2133,0.1358,0.3188,0.7867,1.0,0.8806,0.0,0.7395,"{'CRITICAL_RISK': 49, 'HIGH_RISK': 10, 'LOW_RISK': 9, 'MODERATE_RISK': 7}"
"{'temporal_strategy': 'distributed', 'payment_channel': 'mobile_app'}",2,ELIGIBLE,True,66,66,0,52,0,0,14,0.2121,0.1308,0.3251,0.7879,1.0,0.8814,0.0,0.7896,"{'CRITICAL_RISK': 49, 'LOW_RISK': 11, 'HIGH_RISK': 3, 'MODERATE_RISK': 3}"
"{'amount_strategy': 'high_ticket_escalation', 'temporal_strategy': 'distributed', 'payment_channel': 'mobile_app'}",3,ELIGIBLE,True,66,66,0,52,0,0,14,0.2121,0.1308,0.3251,0.7879,1.0,0.8814,0.0,0.7896,"{'CRITICAL_RISK': 49, 'LOW_RISK': 11, 'HIGH_RISK': 3, 'MODERATE_RISK': 3}"
"{'amount_bucket': 'medium (50-200)', 'payment_channel': 'e-commerce', 'temporal_bucket': 'night_off_hours (00-05)'}",3,ELIGIBLE,True,57,33,24,26,21,3,7,0.2121,0.1068,0.3775,0.7879,0.8966,0.8387,0.125,0.4989,"{'CRITICAL_RISK': 23, 'LOW_RISK': 22, 'MODERATE_RISK': 6, 'HIGH_RISK': 6}"
"{'amount_strategy': 'high_ticket_escalation', 'geographic_region_or_strategy': 'domestic', 'temporal_bucket': 'night_off_hours (00-05)'}",3,ELIGIBLE,True,52,52,0,41,0,0,11,0.2115,0.1224,0.3403,0.7885,1.0,0.8817,0.0,0.8051,"{'CRITICAL_RISK': 39, 'MODERATE_RISK': 6, 'LOW_RISK': 5, 'HIGH_RISK': 2}"
"{'temporal_strategy': 'distributed', 'geographic_strategy': 'domestic_matching', 'temporal_bucket': 'afternoon (12-17)'}",3,ELIGIBLE,True,71,71,0,56,0,0,15,0.2113,0.1324,0.3197,0.7887,1.0,0.8819,0.0,0.7492,"{'CRITICAL_RISK': 49, 'LOW_RISK': 11, 'HIGH_RISK': 7, 'MODERATE_RISK': 4}"
"{'geographic_strategy': 'domestic_matching', 'geographic_region_or_strategy': 'domestic', 'temporal_bucket': 'afternoon (12-17)'}",3,ELIGIBLE,True,71,71,0,56,0,0,15,0.2113,0.1324,0.3197,0.7887,1.0,0.8819,0.0,0.7494,"{'CRITICAL_RISK': 48, 'LOW_RISK': 9, 'HIGH_RISK': 8, 'MODERATE_RISK': 6}"
"{'amount_strategy': 'normal_looking', 'geographic_region_or_strategy': 'domestic'}",2,ELIGIBLE,True,147,147,0,116,0,0,31,0.2109,0.1527,0.2838,0.7891,1.0,0.8821,0.0,0.7471,"{'CRITICAL_RISK': 102, 'LOW_RISK': 22, 'HIGH_RISK': 14, 'MODERATE_RISK': 9}"
"{'amount_strategy': 'normal_looking', 'identity_strategy': 'existing_account'}",2,ELIGIBLE,True,171,171,0,135,0,0,36,0.2105,0.1561,0.2776,0.7895,1.0,0.8824,0.0,0.7468,"{'CRITICAL_RISK': 119, 'LOW_RISK': 28, 'HIGH_RISK': 16, 'MODERATE_RISK': 8}"
"{'geographic_strategy': 'domestic_matching', 'temporal_bucket': 'evening (18-23)'}",2,ELIGIBLE,True,119,119,0,94,0,0,25,0.2101,0.1465,0.2918,0.7899,1.0,0.8826,0.0,0.7547,"{'CRITICAL_RISK': 83, 'LOW_RISK': 17, 'HIGH_RISK': 11, 'MODERATE_RISK': 8}"
"{'geographic_strategy': 'domestic_matching', 'temporal_bucket': 'afternoon (12-17)'}",2,ELIGIBLE,True,125,125,0,99,0,0,26,0.208,0.1461,0.2873,0.792,1.0,0.8839,0.0,0.7593,"{'CRITICAL_RISK': 87, 'LOW_RISK': 18, 'HIGH_RISK': 12, 'MODERATE_RISK': 8}"
"{'amount_strategy': 'high_ticket_escalation', 'merchant_strategy': 'single_target', 'geographic_strategy': 'domestic_matching'}",3,ELIGIBLE,True,87,87,0,69,0,0,18,0.2069,0.1351,0.3035,0.7931,1.0,0.8846,0.0,0.7809,"{'CRITICAL_RISK': 64, 'LOW_RISK': 11, 'MODERATE_RISK': 7, 'HIGH_RISK': 5}"
"{'identity_strategy': 'fabricated_identity', 'geographic_region_or_strategy': 'domestic'}",2,ELIGIBLE,True,58,58,0,46,0,0,12,0.2069,0.1225,0.3277,0.7931,1.0,0.8846,0.0,0.7241,"{'CRITICAL_RISK': 37, 'HIGH_RISK': 9, 'LOW_RISK': 7, 'MODERATE_RISK': 5}"
"{'temporal_strategy': 'distributed', 'identity_strategy': 'fabricated_identity', 'geographic_region_or_strategy': 'domestic'}",3,ELIGIBLE,True,58,58,0,46,0,0,12,0.2069,0.1225,0.3277,0.7931,1.0,0.8846,0.0,0.7241,"{'CRITICAL_RISK': 37, 'HIGH_RISK': 9, 'LOW_RISK': 7, 'MODERATE_RISK': 5}"
"{'identity_strategy': 'fabricated_identity', 'geographic_strategy': 'domestic_matching', 'geographic_region_or_strategy': 'domestic'}",3,ELIGIBLE,True,58,58,0,46,0,0,12,0.2069,0.1225,0.3277,0.7931,1.0,0.8846,0.0,0.7241,"{'CRITICAL_RISK': 37, 'HIGH_RISK': 9, 'LOW_RISK': 7, 'MODERATE_RISK': 5}"
"{'amount_bucket': 'medium (50-200)', 'payment_channel': 'e-commerce', 'geographic_region_or_strategy': 'domestic'}",3,ELIGIBLE,True,516,92,424,73,385,39,19,0.2065,0.1364,0.3002,0.7935,0.6518,0.7157,0.092,0.2171,"{'LOW_RISK': 381, 'CRITICAL_RISK': 79, 'HIGH_RISK': 33, 'MODERATE_RISK': 23}"
"{'payment_channel': 'mobile_app', 'geographic_region_or_strategy': 'cross_border'}",2,ELIGIBLE,True,55,39,16,31,16,0,8,0.2051,0.1078,0.3553,0.7949,1.0,0.8857,0.0,0.5898,"{'CRITICAL_RISK': 30, 'LOW_RISK': 22, 'MODERATE_RISK': 2, 'HIGH_RISK': 1}"
"{'amount_strategy': 'high_ticket_escalation', 'geographic_region_or_strategy': 'domestic'}",2,ELIGIBLE,True,161,161,0,128,0,0,33,0.205,0.1498,0.2739,0.795,1.0,0.8858,0.0,0.7813,"{'CRITICAL_RISK': 115, 'LOW_RISK': 20, 'HIGH_RISK': 13, 'MODERATE_RISK': 13}"
"{'temporal_strategy': 'distributed', 'identity_strategy': 'existing_account', 'amount_bucket': 'medium (50-200)'}",3,ELIGIBLE,True,122,122,0,97,0,0,25,0.2049,0.1428,0.285,0.7951,1.0,0.8858,0.0,0.7627,"{'CRITICAL_RISK': 85, 'LOW_RISK': 15, 'HIGH_RISK': 12, 'MODERATE_RISK': 10}"
"{'temporal_strategy': 'distributed', 'geographic_strategy': 'domestic_matching', 'temporal_bucket': 'evening (18-23)'}",3,ELIGIBLE,True,83,83,0,66,0,0,17,0.2048,0.132,0.3038,0.7952,1.0,0.8859,0.0,0.757,"{'CRITICAL_RISK': 58, 'LOW_RISK': 12, 'HIGH_RISK': 8, 'MODERATE_RISK': 5}"
"{'temporal_strategy': 'distributed', 'geographic_strategy': 'domestic_matching', 'temporal_bucket': 'morning (06-11)'}",3,ELIGIBLE,True,83,83,0,66,0,0,17,0.2048,0.132,0.3038,0.7952,1.0,0.8859,0.0,0.7528,"{'CRITICAL_RISK': 56, 'LOW_RISK': 12, 'HIGH_RISK': 10, 'MODERATE_RISK': 5}"
"{'amount_strategy': 'normal_looking', 'geographic_strategy': 'domestic_matching'}",2,ELIGIBLE,True,191,191,0,152,0,0,39,0.2042,0.1531,0.2669,0.7958,1.0,0.8863,0.0,0.7655,"{'CRITICAL_RISK': 141, 'LOW_RISK': 29, 'HIGH_RISK': 11, 'MODERATE_RISK': 10}"
"{'merchant_strategy': 'high_risk_crypto', 'geographic_region_or_strategy': 'cross_border'}",2,ELIGIBLE,True,54,54,0,43,0,0,11,0.2037,0.1177,0.329,0.7963,1.0,0.8866,0.0,0.7999,"{'CRITICAL_RISK': 41, 'LOW_RISK': 9, 'MODERATE_RISK': 2, 'HIGH_RISK': 2}"
"{'geographic_strategy': 'domestic_matching', 'geographic_region_or_strategy': 'cross_border', 'temporal_bucket': 'afternoon (12-17)'}",3,ELIGIBLE,True,54,54,0,43,0,0,11,0.2037,0.1177,0.329,0.7963,1.0,0.8866,0.0,0.7724,"{'CRITICAL_RISK': 39, 'LOW_RISK': 9, 'HIGH_RISK': 4, 'MODERATE_RISK': 2}"
"{'temporal_strategy': 'distributed', 'identity_strategy': 'existing_account', 'geographic_region_or_strategy': 'domestic'}",3,ELIGIBLE,True,133,133,0,106,0,0,27,0.203,0.1434,0.2793,0.797,1.0,0.887,0.0,0.7635,"{'CRITICAL_RISK': 92, 'LOW_RISK': 17, 'HIGH_RISK': 14, 'MODERATE_RISK': 10}"
"{'geographic_region_or_strategy': 'domestic', 'temporal_bucket': 'morning (06-11)'}",2,ELIGIBLE,True,1013,84,929,67,902,27,17,0.2024,0.1304,0.3004,0.7976,0.7128,0.7528,0.0291,0.1063,"{'LOW_RISK': 888, 'CRITICAL_RISK': 69, 'MODERATE_RISK': 31, 'HIGH_RISK': 25}"
"{'geographic_strategy': 'domestic_matching', 'geographic_region_or_strategy': 'domestic', 'temporal_bucket': 'night_off_hours (00-05)'}",3,ELIGIBLE,True,84,84,0,67,0,0,17,0.2024,0.1304,0.3004,0.7976,1.0,0.8874,0.0,0.7803,"{'CRITICAL_RISK': 61, 'LOW_RISK': 10, 'MODERATE_RISK': 7, 'HIGH_RISK': 6}"
"{'temporal_strategy': 'distributed', 'temporal_bucket': 'morning (06-11)'}",2,ELIGIBLE,True,99,99,0,79,0,0,20,0.202,0.1348,0.2915,0.798,1.0,0.8876,0.0,0.7557,"{'CRITICAL_RISK': 66, 'LOW_RISK': 14, 'HIGH_RISK': 13, 'MODERATE_RISK': 6}"
{'geographic_region_or_strategy': 'domestic'},1,ELIGIBLE,True,3605,362,3243,289,3159,84,73,0.2017,0.1636,0.246,0.7983,0.7748,0.7864,0.0259,0.1173,"{'LOW_RISK': 3124, 'CRITICAL_RISK': 285, 'MODERATE_RISK': 108, 'HIGH_RISK': 88}"
"{'amount_strategy': 'normal_looking', 'amount_bucket': 'medium (50-200)'}",2,ELIGIBLE,True,144,144,0,115,0,0,29,0.2014,0.144,0.2743,0.7986,1.0,0.888,0.0,0.77,"{'CRITICAL_RISK': 104, 'LOW_RISK': 21, 'HIGH_RISK': 11, 'MODERATE_RISK': 8}"
"{'temporal_strategy': 'distributed', 'geographic_region_or_strategy': 'domestic'}",2,ELIGIBLE,True,254,254,0,203,0,0,51,0.2008,0.1561,0.2543,0.7992,1.0,0.8884,0.0,0.7613,"{'CRITICAL_RISK': 173, 'LOW_RISK': 31, 'HIGH_RISK': 30, 'MODERATE_RISK': 20}"
"{'amount_strategy': 'high_ticket_escalation', 'temporal_strategy': 'distributed'}",2,ELIGIBLE,True,195,195,0,156,0,0,39,0.2,0.1499,0.2617,0.8,1.0,0.8889,0.0,0.7868,"{'CRITICAL_RISK': 142, 'LOW_RISK': 25, 'HIGH_RISK': 14, 'MODERATE_RISK': 14}"
{'evasion_strategy': 'risk_signal_suppression'},1,ELIGIBLE,True,150,150,0,120,0,0,30,0.2,0.1438,0.2711,0.8,1.0,0.8889,0.0,0.7668,"{'CRITICAL_RISK': 112, 'LOW_RISK': 23, 'HIGH_RISK': 8, 'MODERATE_RISK': 7}"
"{'evasion_strategy': 'risk_signal_suppression', 'geographic_strategy': 'domestic_matching'}",2,ELIGIBLE,True,150,150,0,120,0,0,30,0.2,0.1438,0.2711,0.8,1.0,0.8889,0.0,0.7668,"{'CRITICAL_RISK': 112, 'LOW_RISK': 23, 'HIGH_RISK': 8, 'MODERATE_RISK': 7}"
"{'amount_strategy': 'high_ticket_escalation', 'temporal_strategy': 'distributed', 'geographic_region_or_strategy': 'domestic'}",3,ELIGIBLE,True,120,120,0,96,0,0,24,0.2,0.1382,0.2804,0.8,1.0,0.8889,0.0,0.7844,"{'CRITICAL_RISK': 86, 'LOW_RISK': 14, 'HIGH_RISK': 10, 'MODERATE_RISK': 10}"
"{'amount_strategy': 'high_ticket_escalation', 'temporal_strategy': 'distributed', 'geographic_region_or_strategy': 'cross_border'}",3,ELIGIBLE,True,75,75,0,60,0,0,15,0.2,0.1251,0.3041,0.8,1.0,0.8889,0.0,0.7908,"{'CRITICAL_RISK': 56, 'LOW_RISK': 11, 'HIGH_RISK': 4, 'MODERATE_RISK': 4}"
"{'temporal_strategy': 'distributed', 'geographic_region_or_strategy': 'domestic', 'temporal_bucket': 'evening (18-23)'}",3,ELIGIBLE,True,70,70,0,56,0,0,14,0.2,0.123,0.3082,0.8,1.0,0.8889,0.0,0.7609,"{'CRITICAL_RISK': 49, 'LOW_RISK': 10, 'HIGH_RISK': 7, 'MODERATE_RISK': 4}"
"{'amount_strategy': 'high_ticket_escalation', 'temporal_bucket': 'evening (18-23)'}",2,ELIGIBLE,True,55,55,0,44,0,0,11,0.2,0.1155,0.3236,0.8,1.0,0.8889,0.0,0.8017,"{'CRITICAL_RISK': 41, 'LOW_RISK': 7, 'MODERATE_RISK': 4, 'HIGH_RISK': 3}"
"{'identity_strategy': 'existing_account', 'geographic_strategy': 'domestic_matching', 'temporal_bucket': 'evening (18-23)'}",3,ELIGIBLE,True,55,55,0,44,0,0,11,0.2,0.1155,0.3236,0.8,1.0,0.8889,0.0,0.7421,"{'CRITICAL_RISK': 38, 'LOW_RISK': 9, 'HIGH_RISK': 6, 'MODERATE_RISK': 2}"
"{'amount_strategy': 'high_ticket_escalation', 'temporal_strategy': 'distributed', 'geographic_strategy': 'domestic_matching'}",3,ELIGIBLE,True,152,152,0,122,0,0,30,0.1974,0.1419,0.2678,0.8026,1.0,0.8905,0.0,0.7771,"{'CRITICAL_RISK': 109, 'LOW_RISK': 21, 'HIGH_RISK': 13, 'MODERATE_RISK': 9}"
"{'amount_strategy': 'normal_looking', 'temporal_strategy': 'distributed', 'identity_strategy': 'existing_account'}",3,ELIGIBLE,True,107,107,0,86,0,0,21,0.1963,0.1321,0.2815,0.8037,1.0,0.8912,0.0,0.7588,"{'CRITICAL_RISK': 75, 'LOW_RISK': 18, 'HIGH_RISK': 11, 'MODERATE_RISK': 3}"
{'amount_strategy': 'high_ticket_escalation'},1,ELIGIBLE,True,260,260,0,209,0,0,51,0.1962,0.1525,0.2487,0.8038,1.0,0.8913,0.0,0.7927,"{'CRITICAL_RISK': 191, 'LOW_RISK': 32, 'MODERATE_RISK': 19, 'HIGH_RISK': 18}"
"{'geographic_region_or_strategy': 'domestic', 'temporal_bucket': 'night_off_hours (00-05)'}",2,ELIGIBLE,True,272,102,170,82,165,5,20,0.1961,0.1307,0.2835,0.8039,0.9425,0.8677,0.0294,0.3323,"{'LOW_RISK': 167, 'CRITICAL_RISK': 75, 'MODERATE_RISK': 18, 'HIGH_RISK': 12}"
"{'amount_strategy': 'normal_looking', 'payment_channel': 'e-commerce', 'geographic_region_or_strategy': 'domestic'}",3,ELIGIBLE,True,102,102,0,82,0,0,20,0.1961,0.1307,0.2835,0.8039,1.0,0.8913,0.0,0.7603,"{'CRITICAL_RISK': 73, 'LOW_RISK': 15, 'HIGH_RISK': 9, 'MODERATE_RISK': 5}"
"{'identity_strategy': 'existing_account', 'temporal_bucket': 'night_off_hours (00-05)'}",2,ELIGIBLE,True,82,82,0,66,0,0,16,0.1951,0.1238,0.2937,0.8049,1.0,0.8919,0.0,0.7931,"{'CRITICAL_RISK': 61, 'MODERATE_RISK': 8, 'LOW_RISK': 8, 'HIGH_RISK': 5}"
"{'geographic_strategy': 'domestic_matching', 'amount_bucket': 'medium (50-200)', 'payment_channel': 'e-commerce'}",3,ELIGIBLE,True,108,108,0,87,0,0,21,0.1944,0.1308,0.279,0.8056,1.0,0.8923,0.0,0.7701,"{'CRITICAL_RISK': 79, 'LOW_RISK': 13, 'HIGH_RISK': 8, 'MODERATE_RISK': 8}"
"{'geographic_strategy': 'domestic_matching', 'amount_bucket': 'micro_low (<50)', 'geographic_region_or_strategy': 'domestic'}",3,ELIGIBLE,True,67,67,0,54,0,0,13,0.194,0.1171,0.3042,0.806,1.0,0.8926,0.0,0.7382,"{'CRITICAL_RISK': 43, 'HIGH_RISK': 11, 'LOW_RISK': 8, 'MODERATE_RISK': 5}"
"{'amount_strategy': 'high_ticket_escalation', 'geographic_strategy': 'domestic_matching'}",2,ELIGIBLE,True,217,217,0,175,0,0,42,0.1935,0.1465,0.2513,0.8065,1.0,0.8929,0.0,0.7871,"{'CRITICAL_RISK': 158, 'LOW_RISK': 28, 'HIGH_RISK': 17, 'MODERATE_RISK': 14}"
"{'identity_strategy': 'existing_account', 'temporal_bucket': 'afternoon (12-17)'}",2,ELIGIBLE,True,93,93,0,75,0,0,18,0.1935,0.1261,0.2853,0.8065,1.0,0.8929,0.0,0.7778,"{'CRITICAL_RISK': 67, 'LOW_RISK': 11, 'HIGH_RISK': 8, 'MODERATE_RISK': 7}"
"{'amount_bucket': 'medium (50-200)', 'payment_channel': 'e-commerce', 'temporal_bucket': 'morning (06-11)'}",3,ELIGIBLE,True,169,31,138,25,124,14,6,0.1935,0.0919,0.3628,0.8065,0.641,0.7143,0.1014,0.2247,"{'LOW_RISK': 125, 'CRITICAL_RISK': 29, 'HIGH_RISK': 10, 'MODERATE_RISK': 5}"
"{'temporal_strategy': 'distributed', 'geographic_strategy': 'domestic_matching'}",2,ELIGIBLE,True,321,321,0,259,0,0,62,0.1931,0.1537,0.2399,0.8069,1.0,0.8931,0.0,0.7693,"{'CRITICAL_RISK': 226, 'LOW_RISK': 42, 'HIGH_RISK': 33, 'MODERATE_RISK': 20}"
"{'identity_strategy': 'existing_account', 'geographic_strategy': 'domestic_matching', 'temporal_bucket': 'morning (06-11)'}",3,ELIGIBLE,True,57,57,0,46,0,0,11,0.193,0.1113,0.3134,0.807,1.0,0.8932,0.0,0.7644,"{'CRITICAL_RISK': 40, 'LOW_RISK': 6, 'HIGH_RISK': 6, 'MODERATE_RISK': 5}"
"{'amount_bucket': 'medium (50-200)', 'geographic_region_or_strategy': 'cross_border', 'temporal_bucket': 'evening (18-23)'}",3,ELIGIBLE,True,51,26,25,21,25,0,5,0.1923,0.0851,0.3788,0.8077,1.0,0.8936,0.0,0.433,"{'LOW_RISK': 28, 'CRITICAL_RISK': 20, 'MODERATE_RISK': 2, 'HIGH_RISK': 1}"
"{'temporal_strategy': 'distributed', 'geographic_strategy': 'domestic_matching', 'amount_bucket': 'micro_low (<50)'}",3,ELIGIBLE,True,73,73,0,59,0,0,14,0.1918,0.1178,0.2966,0.8082,1.0,0.8939,0.0,0.7312,"{'CRITICAL_RISK': 44, 'HIGH_RISK': 15, 'LOW_RISK': 9, 'MODERATE_RISK': 5}"
"{'geographic_region_or_strategy': 'domestic', 'temporal_bucket': 'afternoon (12-17)'}",2,ELIGIBLE,True,1388,84,1304,68,1271,33,16,0.1905,0.1208,0.2872,0.8095,0.6733,0.7351,0.0253,0.0862,"{'LOW_RISK': 1256, 'CRITICAL_RISK': 73, 'MODERATE_RISK': 31, 'HIGH_RISK': 28}"
"{'temporal_strategy': 'distributed', 'identity_strategy': 'existing_account', 'temporal_bucket': 'night_off_hours (00-05)'}",3,ELIGIBLE,True,63,63,0,51,0,0,12,0.1905,0.1125,0.3041,0.8095,1.0,0.8947,0.0,0.7977,"{'CRITICAL_RISK': 46, 'MODERATE_RISK': 7, 'HIGH_RISK': 5, 'LOW_RISK': 5}"
"{'payment_channel': 'e-commerce', 'geographic_region_or_strategy': 'domestic', 'temporal_bucket': 'night_off_hours (00-05)'}",3,ELIGIBLE,True,75,42,33,34,29,4,8,0.1905,0.0998,0.333,0.8095,0.8947,0.85,0.1212,0.5015,"{'LOW_RISK': 30, 'CRITICAL_RISK': 30, 'HIGH_RISK': 8, 'MODERATE_RISK': 7}"
{'payment_channel': 'recurring_subscription'},1,ELIGIBLE,True,208,21,187,17,180,7,4,0.1905,0.0767,0.4,0.8095,0.7083,0.7556,0.0374,0.1256,"{'LOW_RISK': 176, 'CRITICAL_RISK': 13, 'HIGH_RISK': 11, 'MODERATE_RISK': 8}"
"{'amount_bucket': 'micro_low (<50)', 'payment_channel': 'recurring_subscription'}",2,ELIGIBLE,True,84,21,63,17,63,0,4,0.1905,0.0767,0.4,0.8095,1.0,0.8947,0.0,0.1874,"{'LOW_RISK': 64, 'CRITICAL_RISK': 9, 'HIGH_RISK': 8, 'MODERATE_RISK': 3}"
{'geographic_strategy': 'domestic_matching'},1,ELIGIBLE,True,492,492,0,399,0,0,93,0.189,0.1569,0.226,0.811,1.0,0.8956,0.0,0.7784,"{'CRITICAL_RISK': 353, 'LOW_RISK': 59, 'HIGH_RISK': 46, 'MODERATE_RISK': 34}"
{'temporal_bucket': 'evening (18-23)'},1,ELIGIBLE,True,1020,143,877,116,857,20,27,0.1888,0.1331,0.2608,0.8112,0.8529,0.8315,0.0228,0.1475,"{'LOW_RISK': 851, 'CRITICAL_RISK': 106, 'MODERATE_RISK': 33, 'HIGH_RISK': 30}"
"{'temporal_strategy': 'distributed', 'geographic_region_or_strategy': 'domestic', 'temporal_bucket': 'night_off_hours (00-05)'}",3,ELIGIBLE,True,69,69,0,56,0,0,13,0.1884,0.1135,0.2961,0.8116,1.0,0.896,0.0,0.7837,"{'CRITICAL_RISK': 48, 'HIGH_RISK': 8, 'LOW_RISK': 7, 'MODERATE_RISK': 6}"
"{'temporal_strategy': 'distributed', 'geographic_strategy': 'domestic_matching', 'payment_channel': 'e-commerce'}",3,ELIGIBLE,True,149,149,0,121,0,0,28,0.1879,0.1333,0.2582,0.8121,1.0,0.8963,0.0,0.7807,"{'CRITICAL_RISK': 111, 'LOW_RISK': 19, 'HIGH_RISK': 10, 'MODERATE_RISK': 9}"
"{'evasion_strategy': 'risk_signal_suppression', 'amount_strategy': 'normal_looking'}",2,ELIGIBLE,True,128,128,0,104,0,0,24,0.1875,0.1294,0.2638,0.8125,1.0,0.8966,0.0,0.7793,"{'CRITICAL_RISK': 97, 'LOW_RISK': 19, 'HIGH_RISK': 7, 'MODERATE_RISK': 5}"
"{'evasion_strategy': 'risk_signal_suppression', 'amount_strategy': 'normal_looking', 'geographic_strategy': 'domestic_matching'}",3,ELIGIBLE,True,128,128,0,104,0,0,24,0.1875,0.1294,0.2638,0.8125,1.0,0.8966,0.0,0.7793,"{'CRITICAL_RISK': 97, 'LOW_RISK': 19, 'HIGH_RISK': 7, 'MODERATE_RISK': 5}"
"{'amount_strategy': 'normal_looking', 'geographic_strategy': 'domestic_matching', 'payment_channel': 'e-commerce'}",3,ELIGIBLE,True,128,128,0,104,0,0,24,0.1875,0.1294,0.2638,0.8125,1.0,0.8966,0.0,0.7825,"{'CRITICAL_RISK': 100, 'LOW_RISK': 19, 'MODERATE_RISK': 5, 'HIGH_RISK': 4}"
{'temporal_bucket': 'morning (06-11)'},1,ELIGIBLE,True,1115,139,976,113,945,31,26,0.1871,0.131,0.26,0.8129,0.7847,0.7986,0.0318,0.1403,"{'LOW_RISK': 936, 'CRITICAL_RISK': 110, 'MODERATE_RISK': 35, 'HIGH_RISK': 34}"
"{'amount_strategy': 'normal_looking', 'temporal_bucket': 'evening (18-23)'}",2,ELIGIBLE,True,59,59,0,48,0,0,11,0.1864,0.1074,0.3038,0.8136,1.0,0.8972,0.0,0.7452,"{'CRITICAL_RISK': 40, 'LOW_RISK': 10, 'HIGH_RISK': 8, 'MODERATE_RISK': 1}"
"{'amount_bucket': 'micro_low (<50)', 'geographic_region_or_strategy': 'domestic'}",2,ELIGIBLE,True,1192,70,1122,57,1113,9,13,0.1857,0.1119,0.2923,0.8143,0.8636,0.8382,0.008,0.066,"{'LOW_RISK': 1108, 'CRITICAL_RISK': 46, 'HIGH_RISK': 20, 'MODERATE_RISK': 18}"
"{'amount_strategy': 'high_ticket_escalation', 'temporal_bucket': 'night_off_hours (00-05)'}",2,ELIGIBLE,True,81,81,0,66,0,0,15,0.1852,0.1156,0.2833,0.8148,1.0,0.898,0.0,0.822,"{'CRITICAL_RISK': 62, 'MODERATE_RISK': 9, 'LOW_RISK': 6, 'HIGH_RISK': 4}"
"{'identity_strategy': 'existing_account', 'amount_bucket': 'medium (50-200)', 'geographic_region_or_strategy': 'cross_border'}",3,ELIGIBLE,True,65,65,0,53,0,0,12,0.1846,0.1089,0.2955,0.8154,1.0,0.8983,0.0,0.7958,"{'CRITICAL_RISK': 49, 'LOW_RISK': 9, 'HIGH_RISK': 4, 'MODERATE_RISK': 3}"
{'identity_strategy': 'existing_account'},1,ELIGIBLE,True,320,320,0,261,0,0,59,0.1844,0.1457,0.2305,0.8156,1.0,0.8985,0.0,0.7802,"{'CRITICAL_RISK': 230, 'LOW_RISK': 36, 'HIGH_RISK': 31, 'MODERATE_RISK': 23}"
"{'amount_strategy': 'normal_looking', 'temporal_bucket': 'afternoon (12-17)'}",2,ELIGIBLE,True,71,71,0,58,0,0,13,0.1831,0.1102,0.2885,0.8169,1.0,0.8992,0.0,0.7885,"{'CRITICAL_RISK': 54, 'LOW_RISK': 10, 'HIGH_RISK': 4, 'MODERATE_RISK': 3}"
{'temporal_bucket': 'afternoon (12-17)'},1,ELIGIBLE,True,1528,159,1369,130,1333,36,29,0.1824,0.1301,0.2497,0.8176,0.7831,0.8,0.0263,0.1213,"{'LOW_RISK': 1324, 'CRITICAL_RISK': 132, 'MODERATE_RISK': 38, 'HIGH_RISK': 34}"
"{'amount_strategy': 'high_ticket_escalation', 'geographic_region_or_strategy': 'cross_border'}",2,ELIGIBLE,True,99,99,0,81,0,0,18,0.1818,0.1182,0.2692,0.8182,1.0,0.9,0.0,0.8114,"{'CRITICAL_RISK': 76, 'LOW_RISK': 12, 'MODERATE_RISK': 6, 'HIGH_RISK': 5}"
"{'attack_family': 'AI Social Engineering & Impersonation', 'geographic_strategy': 'domestic_matching'}",2,ELIGIBLE,True,66,66,0,54,0,0,12,0.1818,0.1072,0.2915,0.8182,1.0,0.9,0.0,0.7955,"{'CRITICAL_RISK': 49, 'LOW_RISK': 7, 'HIGH_RISK': 5, 'MODERATE_RISK': 5}"
"{'temporal_strategy': 'distributed', 'geographic_region_or_strategy': 'domestic', 'temporal_bucket': 'afternoon (12-17)'}",3,ELIGIBLE,True,55,55,0,45,0,0,10,0.1818,0.1019,0.3033,0.8182,1.0,0.9,0.0,0.7692,"{'CRITICAL_RISK': 38, 'HIGH_RISK': 7, 'LOW_RISK': 6, 'MODERATE_RISK': 4}"
"{'temporal_strategy': 'distributed', 'identity_strategy': 'existing_account', 'payment_channel': 'e-commerce'}",3,ELIGIBLE,True,149,149,0,122,0,0,27,0.1812,0.1276,0.2508,0.8188,1.0,0.9004,0.0,0.786,"{'CRITICAL_RISK': 109, 'LOW_RISK': 18, 'HIGH_RISK': 13, 'MODERATE_RISK': 9}"
"{'identity_strategy': 'existing_account', 'temporal_bucket': 'morning (06-11)'}",2,ELIGIBLE,True,72,72,0,59,0,0,13,0.1806,0.1087,0.2848,0.8194,1.0,0.9008,0.0,0.7771,"{'CRITICAL_RISK': 51, 'HIGH_RISK': 8, 'LOW_RISK': 7, 'MODERATE_RISK': 6}"
"{'temporal_strategy': 'distributed', 'payment_channel': 'e-commerce', 'temporal_bucket': 'night_off_hours (00-05)'}",3,ELIGIBLE,True,50,50,0,41,0,0,9,0.18,0.0977,0.308,0.82,1.0,0.9011,0.0,0.8002,"{'CRITICAL_RISK': 36, 'MODERATE_RISK': 5, 'HIGH_RISK': 5, 'LOW_RISK': 4}"
"{'geographic_strategy': 'domestic_matching', 'payment_channel': 'e-commerce', 'geographic_region_or_strategy': 'domestic'}",3,ELIGIBLE,True,128,128,0,105,0,0,23,0.1797,0.1228,0.2552,0.8203,1.0,0.9013,0.0,0.7779,"{'CRITICAL_RISK': 96, 'LOW_RISK': 15, 'HIGH_RISK': 9, 'MODERATE_RISK': 8}"
"{'temporal_strategy': 'distributed', 'payment_channel': 'e-commerce', 'geographic_region_or_strategy': 'domestic'}",3,ELIGIBLE,True,140,140,0,115,0,0,25,0.1786,0.124,0.2503,0.8214,1.0,0.902,0.0,0.7826,"{'CRITICAL_RISK': 101, 'LOW_RISK': 15, 'HIGH_RISK': 14, 'MODERATE_RISK': 10}"
"{'amount_strategy': 'normal_looking', 'temporal_strategy': 'distributed', 'amount_bucket': 'medium (50-200)'}",3,ELIGIBLE,True,96,96,0,79,0,0,17,0.1771,0.1136,0.2654,0.8229,1.0,0.9029,0.0,0.79,"{'CRITICAL_RISK': 71, 'LOW_RISK': 13, 'HIGH_RISK': 8, 'MODERATE_RISK': 4}"
"{'amount_strategy': 'normal_looking', 'amount_bucket': 'medium (50-200)', 'payment_channel': 'e-commerce'}",3,ELIGIBLE,True,96,96,0,79,0,0,17,0.1771,0.1136,0.2654,0.8229,1.0,0.9029,0.0,0.7821,"{'CRITICAL_RISK': 71, 'LOW_RISK': 13, 'HIGH_RISK': 8, 'MODERATE_RISK': 4}"
"{'amount_bucket': 'micro_low (<50)', 'temporal_bucket': 'evening (18-23)'}",2,ELIGIBLE,True,327,34,293,28,291,2,6,0.1765,0.0835,0.3351,0.8235,0.9333,0.875,0.0068,0.1016,"{'LOW_RISK': 289, 'CRITICAL_RISK': 20, 'HIGH_RISK': 10, 'MODERATE_RISK': 8}"
"{'amount_bucket': 'medium (50-200)', 'payment_channel': 'e-commerce'}",2,ELIGIBLE,True,575,131,444,108,403,41,23,0.1756,0.1199,0.2497,0.8244,0.7248,0.7714,0.0923,0.2566,"{'LOW_RISK': 402, 'CRITICAL_RISK': 112, 'HIGH_RISK': 37, 'MODERATE_RISK': 24}"
"{'amount_strategy': 'high_ticket_escalation', 'temporal_strategy': 'distributed', 'temporal_bucket': 'night_off_hours (00-05)'}",3,ELIGIBLE,True,57,57,0,47,0,0,10,0.1754,0.0982,0.2937,0.8246,1.0,0.9038,0.0,0.8241,"{'CRITICAL_RISK': 44, 'MODERATE_RISK': 6, 'LOW_RISK': 4, 'HIGH_RISK': 3}"
"{'geographic_strategy': 'domestic_matching', 'temporal_bucket': 'morning (06-11)'}",2,ELIGIBLE,True,120,120,0,99,0,0,21,0.175,0.1174,0.2528,0.825,1.0,0.9041,0.0,0.7807,"{'CRITICAL_RISK': 85, 'HIGH_RISK': 14, 'LOW_RISK': 13, 'MODERATE_RISK': 8}"
"{'temporal_strategy': 'distributed', 'temporal_bucket': 'evening (18-23)'}",2,ELIGIBLE,True,103,103,0,85,0,0,18,0.1748,0.1135,0.2594,0.8252,1.0,0.9043,0.0,0.7815,"{'CRITICAL_RISK': 73, 'LOW_RISK': 13, 'HIGH_RISK': 12, 'MODERATE_RISK': 5}"
{'temporal_strategy': 'distributed'},1,ELIGIBLE,True,408,408,0,337,0,0,71,0.174,0.1403,0.2138,0.826,1.0,0.9047,0.0,0.7867,"{'CRITICAL_RISK': 292, 'LOW_RISK': 46, 'HIGH_RISK': 45, 'MODERATE_RISK': 25}"
"{'merchant_category': 'marketplace', 'geographic_region_or_strategy': 'domestic'}",2,ELIGIBLE,True,393,46,347,38,330,17,8,0.1739,0.0909,0.3072,0.8261,0.6909,0.7525,0.049,0.1707,"{'LOW_RISK': 315, 'CRITICAL_RISK': 44, 'MODERATE_RISK': 23, 'HIGH_RISK': 11}"
"{'geographic_region_or_strategy': 'cross_border', 'temporal_bucket': 'afternoon (12-17)'}",2,ELIGIBLE,True,140,75,65,62,62,3,13,0.1733,0.1042,0.2743,0.8267,0.9538,0.8857,0.0462,0.4687,"{'LOW_RISK': 68, 'CRITICAL_RISK': 59, 'MODERATE_RISK': 7, 'HIGH_RISK': 6}"
{'evasion_strategy': 'trusted_session_behavior'},1,ELIGIBLE,True,87,87,0,72,0,0,15,0.1724,0.1074,0.2652,0.8276,1.0,0.9057,0.0,0.8029,"{'CRITICAL_RISK': 62, 'HIGH_RISK': 10, 'LOW_RISK': 8, 'MODERATE_RISK': 7}"
"{'identity_strategy': 'existing_account', 'geographic_strategy': 'domestic_matching', 'payment_channel': 'e-commerce'}",3,ELIGIBLE,True,149,149,0,124,0,0,25,0.1678,0.1163,0.236,0.8322,1.0,0.9084,0.0,0.7955,"{'CRITICAL_RISK': 116, 'LOW_RISK': 18, 'HIGH_RISK': 8, 'MODERATE_RISK': 7}"
"{'identity_strategy': 'existing_account', 'amount_bucket': 'medium (50-200)', 'payment_channel': 'e-commerce'}",3,ELIGIBLE,True,120,120,0,100,0,0,20,0.1667,0.1106,0.2435,0.8333,1.0,0.9091,0.0,0.7894,"{'CRITICAL_RISK': 89, 'LOW_RISK': 12, 'HIGH_RISK': 11, 'MODERATE_RISK': 8}"
"{'amount_bucket': 'medium (50-200)', 'merchant_category': 'marketplace'}",2,ELIGIBLE,True,268,54,214,45,203,11,9,0.1667,0.0902,0.2874,0.8333,0.8036,0.8182,0.0514,0.2343,"{'LOW_RISK': 194, 'CRITICAL_RISK': 48, 'MODERATE_RISK': 18, 'HIGH_RISK': 8}"
"{'payment_channel': 'e-commerce', 'temporal_bucket': 'night_off_hours (00-05)'}",2,ELIGIBLE,True,88,54,34,45,30,4,9,0.1667,0.0902,0.2874,0.8333,0.9184,0.8738,0.1176,0.5486,"{'CRITICAL_RISK': 41, 'LOW_RISK': 31, 'MODERATE_RISK': 8, 'HIGH_RISK': 8}"
"{'evasion_strategy': 'amount_camouflage', 'geographic_region_or_strategy': 'domestic'}",2,ELIGIBLE,True,54,54,0,45,0,0,9,0.1667,0.0902,0.2874,0.8333,1.0,0.9091,0.0,0.7571,"{'CRITICAL_RISK': 34, 'HIGH_RISK': 11, 'MODERATE_RISK': 7, 'LOW_RISK': 2}"
"{'evasion_strategy': 'trusted_device_masking', 'geographic_region_or_strategy': 'domestic'}",2,ELIGIBLE,True,54,54,0,45,0,0,9,0.1667,0.0902,0.2874,0.8333,1.0,0.9091,0.0,0.812,"{'CRITICAL_RISK': 40, 'LOW_RISK': 6, 'HIGH_RISK': 5, 'MODERATE_RISK': 3}"
"{'evasion_strategy': 'trusted_device_masking', 'amount_strategy': 'high_ticket_escalation', 'geographic_region_or_strategy': 'domestic'}",3,ELIGIBLE,True,54,54,0,45,0,0,9,0.1667,0.0902,0.2874,0.8333,1.0,0.9091,0.0,0.812,"{'CRITICAL_RISK': 40, 'LOW_RISK': 6, 'HIGH_RISK': 5, 'MODERATE_RISK': 3}"
"{'evasion_strategy': 'amount_camouflage', 'geographic_strategy': 'domestic_matching', 'geographic_region_or_strategy': 'domestic'}",3,ELIGIBLE,True,54,54,0,45,0,0,9,0.1667,0.0902,0.2874,0.8333,1.0,0.9091,0.0,0.7571,"{'CRITICAL_RISK': 34, 'HIGH_RISK': 11, 'MODERATE_RISK': 7, 'LOW_RISK': 2}"
{'amount_strategy': 'normal_looking'},1,ELIGIBLE,True,235,235,0,196,0,0,39,0.166,0.1238,0.2188,0.834,1.0,0.9095,0.0,0.7869,"{'CRITICAL_RISK': 174, 'LOW_RISK': 29, 'HIGH_RISK': 22, 'MODERATE_RISK': 10}"
"{'temporal_strategy': 'distributed', 'temporal_bucket': 'afternoon (12-17)'}",2,ELIGIBLE,True,97,97,0,81,0,0,16,0.1649,0.1042,0.2513,0.8351,1.0,0.9101,0.0,0.7919,"{'CRITICAL_RISK': 72, 'LOW_RISK': 11, 'HIGH_RISK': 9, 'MODERATE_RISK': 5}"
"{'temporal_strategy': 'distributed', 'amount_bucket': 'micro_low (<50)'}",2,ELIGIBLE,True,85,85,0,71,0,0,14,0.1647,0.1007,0.2577,0.8353,1.0,0.9103,0.0,0.7419,"{'CRITICAL_RISK': 51, 'HIGH_RISK': 20, 'LOW_RISK': 9, 'MODERATE_RISK': 5}"
"{'identity_strategy': 'existing_account', 'temporal_bucket': 'evening (18-23)'}",2,ELIGIBLE,True,73,73,0,61,0,0,12,0.1644,0.0966,0.2657,0.8356,1.0,0.9104,0.0,0.7718,"{'CRITICAL_RISK': 51, 'LOW_RISK': 10, 'HIGH_RISK': 10, 'MODERATE_RISK': 2}"
"{'geographic_strategy': 'domestic_matching', 'temporal_bucket': 'night_off_hours (00-05)'}",2,ELIGIBLE,True,128,128,0,107,0,0,21,0.1641,0.1099,0.2378,0.8359,1.0,0.9106,0.0,0.8167,"{'CRITICAL_RISK': 98, 'LOW_RISK': 11, 'MODERATE_RISK': 10, 'HIGH_RISK': 9}"
"{'amount_strategy': 'normal_looking', 'identity_strategy': 'existing_account', 'payment_channel': 'e-commerce'}",3,ELIGIBLE,True,128,128,0,107,0,0,21,0.1641,0.1099,0.2378,0.8359,1.0,0.9106,0.0,0.7921,"{'CRITICAL_RISK': 98, 'LOW_RISK': 18, 'HIGH_RISK': 9, 'MODERATE_RISK': 3}"
"{'amount_strategy': 'high_ticket_escalation', 'temporal_bucket': 'afternoon (12-17)'}",2,ELIGIBLE,True,61,61,0,51,0,0,10,0.1639,0.0916,0.2761,0.8361,1.0,0.9107,0.0,0.7897,"{'CRITICAL_RISK': 44, 'HIGH_RISK': 7, 'LOW_RISK': 7, 'MODERATE_RISK': 3}"
"{'geographic_region_or_strategy': 'cross_border', 'temporal_bucket': 'morning (06-11)'}",2,ELIGIBLE,True,102,55,47,46,43,4,9,0.1636,0.0886,0.2826,0.8364,0.92,0.8762,0.0851,0.478,"{'LOW_RISK': 48, 'CRITICAL_RISK': 41, 'HIGH_RISK': 9, 'MODERATE_RISK': 4}"
{'temporal_bucket': 'night_off_hours (00-05)'},1,ELIGIBLE,True,337,159,178,133,173,5,26,0.1635,0.1141,0.2288,0.8365,0.9638,0.8956,0.0281,0.4158,"{'LOW_RISK': 177, 'CRITICAL_RISK': 122, 'MODERATE_RISK': 22, 'HIGH_RISK': 16}"
"{'identity_strategy': 'existing_account', 'payment_channel': 'e-commerce', 'geographic_region_or_strategy': 'domestic'}",3,ELIGIBLE,True,135,135,0,113,0,0,22,0.163,0.1102,0.2344,0.837,1.0,0.9113,0.0,0.7962,"{'CRITICAL_RISK': 102, 'LOW_RISK': 14, 'HIGH_RISK': 11, 'MODERATE_RISK': 8}"
"{'amount_strategy': 'high_ticket_escalation', 'geographic_strategy': 'domestic_matching', 'geographic_region_or_strategy': 'cross_border'}",3,ELIGIBLE,True,93,93,0,78,0,0,15,0.1613,0.1003,0.2492,0.8387,1.0,0.9123,0.0,0.8249,"{'CRITICAL_RISK': 73, 'LOW_RISK': 10, 'HIGH_RISK': 5, 'MODERATE_RISK': 5}"
{'payment_channel': 'mobile_app'},1,ELIGIBLE,True,479,87,392,73,384,8,14,0.1609,0.0983,0.2522,0.8391,0.9012,0.869,0.0204,0.1857,"{'LOW_RISK': 383, 'CRITICAL_RISK': 71, 'MODERATE_RISK': 15, 'HIGH_RISK': 10}"
{'evasion_strategy': 'trusted_device_masking'},1,ELIGIBLE,True,87,87,0,73,0,0,14,0.1609,0.0983,0.2522,0.8391,1.0,0.9125,0.0,0.8276,"{'CRITICAL_RISK': 68, 'LOW_RISK': 9, 'HIGH_RISK': 5, 'MODERATE_RISK': 5}"
"{'evasion_strategy': 'trusted_device_masking', 'amount_strategy': 'high_ticket_escalation'}",2,ELIGIBLE,True,87,87,0,73,0,0,14,0.1609,0.0983,0.2522,0.8391,1.0,0.9125,0.0,0.8276,"{'CRITICAL_RISK': 68, 'LOW_RISK': 9, 'HIGH_RISK': 5, 'MODERATE_RISK': 5}"
"{'amount_strategy': 'high_ticket_escalation', 'payment_channel': 'mobile_app'}",2,ELIGIBLE,True,87,87,0,73,0,0,14,0.1609,0.0983,0.2522,0.8391,1.0,0.9125,0.0,0.8355,"{'CRITICAL_RISK': 70, 'LOW_RISK': 11, 'HIGH_RISK': 3, 'MODERATE_RISK': 3}"
"{'amount_strategy': 'normal_looking', 'temporal_strategy': 'distributed'}",2,ELIGIBLE,True,150,150,0,126,0,0,24,0.16,0.1099,0.227,0.84,1.0,0.913,0.0,0.7888,"{'CRITICAL_RISK': 110, 'LOW_RISK': 19, 'HIGH_RISK': 16, 'MODERATE_RISK': 5}"
"{'amount_strategy': 'normal_looking', 'payment_channel': 'e-commerce'}",2,ELIGIBLE,True,150,150,0,126,0,0,24,0.16,0.1099,0.227,0.84,1.0,0.913,0.0,0.7956,"{'CRITICAL_RISK': 115, 'LOW_RISK': 19, 'HIGH_RISK': 11, 'MODERATE_RISK': 5}"
"{'geographic_strategy': 'domestic_matching', 'amount_bucket': 'medium (50-200)', 'merchant_category': 'marketplace'}",3,ELIGIBLE,True,50,50,0,42,0,0,8,0.16,0.0834,0.2851,0.84,1.0,0.913,0.0,0.8376,"{'CRITICAL_RISK': 42, 'LOW_RISK': 4, 'MODERATE_RISK': 4}"
"{'amount_bucket': 'micro_low (<50)', 'temporal_bucket': 'night_off_hours (00-05)'}",2,ELIGIBLE,True,85,25,60,21,59,1,4,0.16,0.064,0.3465,0.84,0.9545,0.8936,0.0167,0.2509,"{'LOW_RISK': 59, 'CRITICAL_RISK': 16, 'HIGH_RISK': 6, 'MODERATE_RISK': 4}"
"{'amount_strategy': 'high_ticket_escalation', 'geographic_strategy': 'domestic_matching', 'temporal_bucket': 'night_off_hours (00-05)'}",3,ELIGIBLE,True,69,69,0,58,0,0,11,0.1594,0.0914,0.2633,0.8406,1.0,0.9134,0.0,0.8356,"{'CRITICAL_RISK': 54, 'MODERATE_RISK': 6, 'LOW_RISK': 5, 'HIGH_RISK': 4}"
"{'temporal_strategy': 'distributed', 'identity_strategy': 'existing_account'}",2,ELIGIBLE,True,214,214,0,180,0,0,34,0.1589,0.116,0.2138,0.8411,1.0,0.9137,0.0,0.799,"{'CRITICAL_RISK': 158, 'HIGH_RISK': 22, 'LOW_RISK': 22, 'MODERATE_RISK': 12}"
"{'payment_channel': 'e-commerce', 'geographic_region_or_strategy': 'domestic', 'temporal_bucket': 'morning (06-11)'}",3,ELIGIBLE,True,255,38,217,32,199,18,6,0.1579,0.0744,0.3042,0.8421,0.64,0.7273,0.0829,0.1966,"{'LOW_RISK': 197, 'CRITICAL_RISK': 38, 'HIGH_RISK': 12, 'MODERATE_RISK': 8}"
"{'temporal_strategy': 'distributed', 'identity_strategy': 'existing_account', 'temporal_bucket': 'afternoon (12-17)'}",3,ELIGIBLE,True,51,51,0,43,0,0,8,0.1569,0.0817,0.2801,0.8431,1.0,0.9149,0.0,0.7944,"{'CRITICAL_RISK': 38, 'HIGH_RISK': 5, 'LOW_RISK': 5, 'MODERATE_RISK': 3}"
"{'temporal_strategy': 'distributed', 'payment_channel': 'e-commerce'}",2,ELIGIBLE,True,192,192,0,162,0,0,30,0.1562,0.1117,0.2143,0.8438,1.0,0.9153,0.0,0.8053,"{'CRITICAL_RISK': 145, 'LOW_RISK': 19, 'HIGH_RISK': 17, 'MODERATE_RISK': 11}"
"{'temporal_strategy': 'distributed', 'temporal_bucket': 'night_off_hours (00-05)'}",2,ELIGIBLE,True,109,109,0,92,0,0,17,0.156,0.0997,0.2356,0.844,1.0,0.9154,0.0,0.8151,"{'CRITICAL_RISK': 81, 'HIGH_RISK': 11, 'MODERATE_RISK': 9, 'LOW_RISK': 8}"
"{'temporal_strategy': 'distributed', 'geographic_strategy': 'domestic_matching', 'temporal_bucket': 'night_off_hours (00-05)'}",3,ELIGIBLE,True,84,84,0,71,0,0,13,0.1548,0.0927,0.247,0.8452,1.0,0.9161,0.0,0.8149,"{'CRITICAL_RISK': 63, 'HIGH_RISK': 8, 'LOW_RISK': 7, 'MODERATE_RISK': 6}"
"{'identity_strategy': 'existing_account', 'geographic_strategy': 'domestic_matching', 'geographic_region_or_strategy': 'cross_border'}",3,ELIGIBLE,True,84,84,0,71,0,0,13,0.1548,0.0927,0.247,0.8452,1.0,0.9161,0.0,0.8194,"{'CRITICAL_RISK': 65, 'LOW_RISK': 8, 'HIGH_RISK': 6, 'MODERATE_RISK': 5}"
"{'evasion_strategy': 'trusted_session_behavior', 'temporal_strategy': 'distributed'}",2,ELIGIBLE,True,65,65,0,55,0,0,10,0.1538,0.0858,0.2606,0.8462,1.0,0.9167,0.0,0.8035,"{'CRITICAL_RISK': 46, 'HIGH_RISK': 9, 'LOW_RISK': 6, 'MODERATE_RISK': 4}"
"{'amount_bucket': 'micro_low (<50)', 'payment_channel': 'e-commerce', 'geographic_region_or_strategy': 'domestic'}",3,ELIGIBLE,True,291,39,252,33,245,7,6,0.1538,0.0725,0.2973,0.8462,0.825,0.8354,0.0278,0.1478,"{'LOW_RISK': 245, 'CRITICAL_RISK': 30, 'HIGH_RISK': 10, 'MODERATE_RISK': 6}"
"{'amount_bucket': 'medium (50-200)', 'payment_channel': 'e-commerce', 'temporal_bucket': 'afternoon (12-17)'}",3,ELIGIBLE,True,208,39,169,33,155,14,6,0.1538,0.0725,0.2973,0.8462,0.7021,0.7674,0.0828,0.2321,"{'LOW_RISK': 152, 'CRITICAL_RISK': 36, 'HIGH_RISK': 11, 'MODERATE_RISK': 9}"
"{'payment_channel': 'e-commerce', 'geographic_region_or_strategy': 'domestic'}",2,ELIGIBLE,True,885,165,720,140,665,55,25,0.1515,0.1048,0.2141,0.8485,0.7179,0.7778,0.0764,0.2242,"{'LOW_RISK': 657, 'CRITICAL_RISK': 149, 'HIGH_RISK': 46, 'MODERATE_RISK': 33}"
{'identity_strategy': 'fabricated_identity'},1,ELIGIBLE,True,86,86,0,73,0,0,13,0.1512,0.0905,0.2416,0.8488,1.0,0.9182,0.0,0.7776,"{'CRITICAL_RISK': 60, 'HIGH_RISK': 13, 'LOW_RISK': 7, 'MODERATE_RISK': 6}"
{'merchant_strategy': 'high_risk_crypto'},1,ELIGIBLE,True,86,86,0,73,0,0,13,0.1512,0.0905,0.2416,0.8488,1.0,0.9182,0.0,0.8385,"{'CRITICAL_RISK': 70, 'LOW_RISK': 11, 'HIGH_RISK': 3, 'MODERATE_RISK': 2}"
"{'temporal_strategy': 'distributed', 'identity_strategy': 'fabricated_identity'}",2,ELIGIBLE,True,86,86,0,73,0,0,13,0.1512,0.0905,0.2416,0.8488,1.0,0.9182,0.0,0.7776,"{'CRITICAL_RISK': 60, 'HIGH_RISK': 13, 'LOW_RISK': 7, 'MODERATE_RISK': 6}"
"{'identity_strategy': 'fabricated_identity', 'geographic_strategy': 'domestic_matching'}",2,ELIGIBLE,True,86,86,0,73,0,0,13,0.1512,0.0905,0.2416,0.8488,1.0,0.9182,0.0,0.7776,"{'CRITICAL_RISK': 60, 'HIGH_RISK': 13, 'LOW_RISK': 7, 'MODERATE_RISK': 6}"
"{'temporal_strategy': 'distributed', 'identity_strategy': 'fabricated_identity', 'geographic_strategy': 'domestic_matching'}",3,ELIGIBLE,True,86,86,0,73,0,0,13,0.1512,0.0905,0.2416,0.8488,1.0,0.9182,0.0,0.7776,"{'CRITICAL_RISK': 60, 'HIGH_RISK': 13, 'LOW_RISK': 7, 'MODERATE_RISK': 6}"
"{'amount_bucket': 'micro_low (<50)', 'geographic_region_or_strategy': 'domestic', 'temporal_bucket': 'afternoon (12-17)'}",3,ELIGIBLE,True,478,20,458,17,456,2,3,0.15,0.0524,0.3604,0.85,0.8947,0.8718,0.0044,0.0494,"{'LOW_RISK': 457, 'CRITICAL_RISK': 15, 'HIGH_RISK': 4, 'MODERATE_RISK': 2}"
"{'amount_strategy': 'normal_looking', 'temporal_bucket': 'night_off_hours (00-05)'}",2,ELIGIBLE,True,54,54,0,46,0,0,8,0.1481,0.077,0.266,0.8519,1.0,0.92,0.0,0.8104,"{'CRITICAL_RISK': 42, 'LOW_RISK': 6, 'HIGH_RISK': 4, 'MODERATE_RISK': 2}"
"{'amount_strategy': 'normal_looking', 'geographic_strategy': 'domestic_matching', 'amount_bucket': 'micro_low (<50)'}",3,ELIGIBLE,True,54,54,0,46,0,0,8,0.1481,0.077,0.266,0.8519,1.0,0.92,0.0,0.7832,"{'CRITICAL_RISK': 40, 'LOW_RISK': 7, 'HIGH_RISK': 6, 'MODERATE_RISK': 1}"
{'geographic_region_or_strategy': 'cross_border'},1,ELIGIBLE,True,395,238,157,203,149,8,35,0.1471,0.1077,0.1977,0.8529,0.9621,0.9042,0.051,0.5299,"{'CRITICAL_RISK': 185, 'LOW_RISK': 164, 'HIGH_RISK': 26, 'MODERATE_RISK': 20}"
"{'amount_bucket': 'medium (50-200)', 'payment_channel': 'e-commerce', 'merchant_category': 'marketplace'}",3,ELIGIBLE,True,89,34,55,29,45,10,5,0.1471,0.0645,0.3013,0.8529,0.7436,0.7945,0.1818,0.4459,"{'LOW_RISK': 40, 'CRITICAL_RISK': 32, 'MODERATE_RISK': 10, 'HIGH_RISK': 7}"
"{'payment_channel': 'e-commerce', 'geographic_region_or_strategy': 'domestic', 'temporal_bucket': 'evening (18-23)'}",3,ELIGIBLE,True,235,41,194,35,182,12,6,0.1463,0.0688,0.2844,0.8537,0.7447,0.7955,0.0619,0.1991,"{'LOW_RISK': 182, 'CRITICAL_RISK': 33, 'HIGH_RISK': 14, 'MODERATE_RISK': 6}"
"{'geographic_strategy': 'domestic_matching', 'payment_channel': 'e-commerce'}",2,ELIGIBLE,True,192,192,0,164,0,0,28,0.1458,0.1029,0.2027,0.8542,1.0,0.9213,0.0,0.8126,"{'CRITICAL_RISK': 152, 'LOW_RISK': 19, 'HIGH_RISK': 12, 'MODERATE_RISK': 9}"
"{'geographic_strategy': 'domestic_matching', 'payment_channel': 'e-commerce', 'temporal_bucket': 'afternoon (12-17)'}",3,ELIGIBLE,True,55,55,0,47,0,0,8,0.1455,0.0756,0.2616,0.8545,1.0,0.9216,0.0,0.8275,"{'CRITICAL_RISK': 45, 'LOW_RISK': 5, 'MODERATE_RISK': 3, 'HIGH_RISK': 2}"
"{'geographic_strategy': 'domestic_matching', 'amount_bucket': 'micro_low (<50)'}",2,ELIGIBLE,True,104,104,0,89,0,0,15,0.1442,0.0894,0.2244,0.8558,1.0,0.9223,0.0,0.7754,"{'CRITICAL_RISK': 70, 'HIGH_RISK': 19, 'LOW_RISK': 10, 'MODERATE_RISK': 5}"
"{'identity_strategy': 'existing_account', 'geographic_region_or_strategy': 'cross_border'}",2,ELIGIBLE,True,133,133,0,114,0,0,19,0.1429,0.0934,0.2124,0.8571,1.0,0.9231,0.0,0.8206,"{'CRITICAL_RISK': 102, 'LOW_RISK': 12, 'HIGH_RISK': 12, 'MODERATE_RISK': 7}"
{'evasion_strategy': 'amount_camouflage'},1,ELIGIBLE,True,84,84,0,72,0,0,12,0.1429,0.0837,0.2333,0.8571,1.0,0.9231,0.0,0.7851,"{'CRITICAL_RISK': 54, 'HIGH_RISK': 18, 'MODERATE_RISK': 10, 'LOW_RISK': 2}"
"{'evasion_strategy': 'amount_camouflage', 'geographic_strategy': 'domestic_matching'}",2,ELIGIBLE,True,84,84,0,72,0,0,12,0.1429,0.0837,0.2333,0.8571,1.0,0.9231,0.0,0.7851,"{'CRITICAL_RISK': 54, 'HIGH_RISK': 18, 'MODERATE_RISK': 10, 'LOW_RISK': 2}"
"{'amount_bucket': 'medium (50-200)', 'payment_channel': 'e-commerce', 'temporal_bucket': 'evening (18-23)'}",3,ELIGIBLE,True,141,28,113,24,103,10,4,0.1429,0.057,0.3149,0.8571,0.7059,0.7742,0.0885,0.2331,"{'LOW_RISK': 103, 'CRITICAL_RISK': 24, 'HIGH_RISK': 10, 'MODERATE_RISK': 4}"
"{'payment_channel': 'e-commerce', 'merchant_category': 'marketplace', 'geographic_region_or_strategy': 'domestic'}",3,ELIGIBLE,True,115,28,87,24,74,13,4,0.1429,0.057,0.3149,0.8571,0.6486,0.7385,0.1494,0.3521,"{'LOW_RISK': 65, 'CRITICAL_RISK': 29, 'MODERATE_RISK': 13, 'HIGH_RISK': 8}"
"{'geographic_strategy': 'domestic_matching', 'geographic_region_or_strategy': 'cross_border'}",2,ELIGIBLE,True,183,183,0,157,0,0,26,0.1421,0.0988,0.2,0.8579,1.0,0.9235,0.0,0.8306,"{'CRITICAL_RISK': 142, 'LOW_RISK': 17, 'HIGH_RISK': 15, 'MODERATE_RISK': 9}"
"{'temporal_strategy': 'distributed', 'geographic_strategy': 'domestic_matching', 'geographic_region_or_strategy': 'cross_border'}",3,ELIGIBLE,True,120,120,0,103,0,0,17,0.1417,0.0904,0.2152,0.8583,1.0,0.9238,0.0,0.826,"{'CRITICAL_RISK': 93, 'LOW_RISK': 13, 'HIGH_RISK': 10, 'MODERATE_RISK': 4}"
"{'identity_strategy': 'existing_account', 'payment_channel': 'e-commerce'}",2,ELIGIBLE,True,192,192,0,165,0,0,27,0.1406,0.0985,0.1969,0.8594,1.0,0.9244,0.0,0.8168,"{'CRITICAL_RISK': 150, 'LOW_RISK': 18, 'HIGH_RISK': 15, 'MODERATE_RISK': 9}"
"{'identity_strategy': 'existing_account', 'merchant_strategy': 'luxury_retail'}",2,ELIGIBLE,True,64,64,0,55,0,0,9,0.1406,0.0758,0.2462,0.8594,1.0,0.9244,0.0,0.8336,"{'CRITICAL_RISK': 50, 'HIGH_RISK': 5, 'MODERATE_RISK': 5, 'LOW_RISK': 4}"
"{'amount_strategy': 'high_ticket_escalation', 'identity_strategy': 'existing_account', 'merchant_strategy': 'luxury_retail'}",3,ELIGIBLE,True,64,64,0,55,0,0,9,0.1406,0.0758,0.2462,0.8594,1.0,0.9244,0.0,0.8336,"{'CRITICAL_RISK': 50, 'HIGH_RISK': 5, 'MODERATE_RISK': 5, 'LOW_RISK': 4}"
"{'temporal_strategy': 'distributed', 'identity_strategy': 'existing_account', 'merchant_strategy': 'luxury_retail'}",3,ELIGIBLE,True,64,64,0,55,0,0,9,0.1406,0.0758,0.2462,0.8594,1.0,0.9244,0.0,0.8336,"{'CRITICAL_RISK': 50, 'HIGH_RISK': 5, 'MODERATE_RISK': 5, 'LOW_RISK': 4}"
"{'geographic_strategy': 'domestic_matching', 'payment_channel': 'e-commerce', 'temporal_bucket': 'evening (18-23)'}",3,ELIGIBLE,True,50,50,0,43,0,0,7,0.14,0.0695,0.2619,0.86,1.0,0.9247,0.0,0.799,"{'CRITICAL_RISK': 40, 'LOW_RISK': 7, 'HIGH_RISK': 3}"
{'merchant_category': 'marketplace'},1,ELIGIBLE,True,423,65,358,56,340,18,9,0.1385,0.0746,0.2427,0.8615,0.7568,0.8058,0.0503,0.2024,"{'LOW_RISK': 326, 'CRITICAL_RISK': 63, 'MODERATE_RISK': 23, 'HIGH_RISK': 11}"
"{'identity_strategy': 'existing_account', 'payment_channel': 'e-commerce', 'temporal_bucket': 'afternoon (12-17)'}",3,ELIGIBLE,True,58,58,0,50,0,0,8,0.1379,0.0716,0.2493,0.8621,1.0,0.9259,0.0,0.8241,"{'CRITICAL_RISK': 46, 'LOW_RISK': 5, 'HIGH_RISK': 4, 'MODERATE_RISK': 3}"
"{'amount_bucket': 'micro_low (<50)', 'temporal_bucket': 'afternoon (12-17)'}",2,ELIGIBLE,True,505,29,476,25,473,3,4,0.1379,0.055,0.3056,0.8621,0.8929,0.8772,0.0063,0.0638,"{'LOW_RISK': 475, 'CRITICAL_RISK': 22, 'HIGH_RISK': 6, 'MODERATE_RISK': 2}"
"{'geographic_region_or_strategy': 'cross_border', 'temporal_bucket': 'evening (18-23)'}",2,ELIGIBLE,True,88,51,37,44,36,1,7,0.1373,0.0681,0.2572,0.8627,0.9778,0.9167,0.027,0.5133,"{'CRITICAL_RISK': 38, 'LOW_RISK': 38, 'HIGH_RISK': 7, 'MODERATE_RISK': 5}"
"{'amount_strategy': 'normal_looking', 'temporal_bucket': 'morning (06-11)'}",2,ELIGIBLE,True,51,51,0,44,0,0,7,0.1373,0.0681,0.2572,0.8627,1.0,0.9263,0.0,0.808,"{'CRITICAL_RISK': 38, 'HIGH_RISK': 6, 'MODERATE_RISK': 4, 'LOW_RISK': 3}"
{'amount_bucket': 'micro_low (<50)'},1,ELIGIBLE,True,1287,118,1169,102,1159,10,16,0.1356,0.0852,0.2089,0.8644,0.9107,0.887,0.0086,0.0938,"{'LOW_RISK': 1156, 'CRITICAL_RISK': 79, 'HIGH_RISK': 33, 'MODERATE_RISK': 19}"
"{'temporal_strategy': 'distributed', 'payment_channel': 'e-commerce', 'temporal_bucket': 'evening (18-23)'}",3,ELIGIBLE,True,52,52,0,45,0,0,7,0.1346,0.0668,0.2527,0.8654,1.0,0.9278,0.0,0.8058,"{'CRITICAL_RISK': 41, 'LOW_RISK': 7, 'HIGH_RISK': 4}"
"{'geographic_strategy': 'domestic_matching', 'merchant_category': 'marketplace'}",2,ELIGIBLE,True,60,60,0,52,0,0,8,0.1333,0.0691,0.2417,0.8667,1.0,0.9286,0.0,0.857,"{'CRITICAL_RISK': 52, 'LOW_RISK': 4, 'MODERATE_RISK': 4}"
"{'amount_strategy': 'normal_looking', 'geographic_strategy': 'domestic_matching', 'geographic_region_or_strategy': 'cross_border'}",3,ELIGIBLE,True,60,60,0,52,0,0,8,0.1333,0.0691,0.2417,0.8667,1.0,0.9286,0.0,0.837,"{'CRITICAL_RISK': 49, 'LOW_RISK': 7, 'HIGH_RISK': 3, 'MODERATE_RISK': 1}"
"{'geographic_strategy': 'domestic_matching', 'amount_bucket': 'micro_low (<50)', 'payment_channel': 'e-commerce'}",3,ELIGIBLE,True,53,53,0,46,0,0,7,0.1321,0.0655,0.2484,0.8679,1.0,0.9293,0.0,0.8181,"{'CRITICAL_RISK': 43, 'LOW_RISK': 6, 'HIGH_RISK': 3, 'MODERATE_RISK': 1}"
"{'temporal_strategy': 'distributed', 'geographic_region_or_strategy': 'cross_border'}",2,ELIGIBLE,True,154,154,0,134,0,0,20,0.1299,0.0857,0.1921,0.8701,1.0,0.9306,0.0,0.8286,"{'CRITICAL_RISK': 119, 'LOW_RISK': 15, 'HIGH_RISK': 15, 'MODERATE_RISK': 5}"
{'payment_channel': 'e-commerce'},1,ELIGIBLE,True,990,235,755,205,695,60,30,0.1277,0.0909,0.1764,0.8723,0.7736,0.82,0.0795,0.2675,"{'LOW_RISK': 690, 'CRITICAL_RISK': 211, 'HIGH_RISK': 54, 'MODERATE_RISK': 35}"
"{'evasion_strategy': 'amount_camouflage', 'temporal_strategy': 'distributed'}",2,ELIGIBLE,True,63,63,0,55,0,0,8,0.127,0.0658,0.2311,0.873,1.0,0.9322,0.0,0.7813,"{'CRITICAL_RISK': 40, 'HIGH_RISK': 15, 'MODERATE_RISK': 6, 'LOW_RISK': 2}"
"{'evasion_strategy': 'amount_camouflage', 'temporal_strategy': 'distributed', 'geographic_strategy': 'domestic_matching'}",3,ELIGIBLE,True,63,63,0,55,0,0,8,0.127,0.0658,0.2311,0.873,1.0,0.9322,0.0,0.7813,"{'CRITICAL_RISK': 40, 'HIGH_RISK': 15, 'MODERATE_RISK': 6, 'LOW_RISK': 2}"
"{'payment_channel': 'mobile_app', 'geographic_region_or_strategy': 'domestic'}",2,ELIGIBLE,True,424,48,376,42,368,8,6,0.125,0.0586,0.247,0.875,0.84,0.8571,0.0213,0.1333,"{'LOW_RISK': 361, 'CRITICAL_RISK': 41, 'MODERATE_RISK': 13, 'HIGH_RISK': 9}"
"{'amount_bucket': 'micro_low (<50)', 'payment_channel': 'e-commerce'}",2,ELIGIBLE,True,321,57,264,50,256,8,7,0.1228,0.0608,0.2325,0.8772,0.8621,0.8696,0.0303,0.1859,"{'LOW_RISK': 257, 'CRITICAL_RISK': 46, 'HIGH_RISK': 12, 'MODERATE_RISK': 6}"
"{'payment_channel': 'e-commerce', 'temporal_bucket': 'evening (18-23)'}",2,ELIGIBLE,True,255,57,198,50,186,12,7,0.1228,0.0608,0.2325,0.8772,0.8065,0.8403,0.0606,0.2394,"{'LOW_RISK': 187, 'CRITICAL_RISK': 47, 'HIGH_RISK': 15, 'MODERATE_RISK': 6}"
"{'payment_channel': 'e-commerce', 'merchant_category': 'marketplace'}",2,ELIGIBLE,True,130,41,89,36,75,14,5,0.122,0.0532,0.2554,0.878,0.72,0.7912,0.1573,0.4065,"{'LOW_RISK': 67, 'CRITICAL_RISK': 42, 'MODERATE_RISK': 13, 'HIGH_RISK': 8}"
"{'amount_strategy': 'normal_looking', 'amount_bucket': 'micro_low (<50)'}",2,ELIGIBLE,True,66,66,0,58,0,0,8,0.1212,0.0627,0.2214,0.8788,1.0,0.9355,0.0,0.7875,"{'CRITICAL_RISK': 47, 'HIGH_RISK': 11, 'LOW_RISK': 7, 'MODERATE_RISK': 1}"
"{'amount_strategy': 'high_ticket_escalation', 'identity_strategy': 'existing_account', 'geographic_region_or_strategy': 'domestic'}",3,ELIGIBLE,True,58,58,0,51,0,0,7,0.1207,0.0597,0.2288,0.8793,1.0,0.9358,0.0,0.8507,"{'CRITICAL_RISK': 46, 'HIGH_RISK': 5, 'MODERATE_RISK': 4, 'LOW_RISK': 3}"
"{'payment_channel': 'e-commerce', 'temporal_bucket': 'afternoon (12-17)'}",2,ELIGIBLE,True,357,67,290,59,268,22,8,0.1194,0.0618,0.2183,0.8806,0.7284,0.7973,0.0759,0.2359,"{'LOW_RISK': 263, 'CRITICAL_RISK': 67, 'HIGH_RISK': 14, 'MODERATE_RISK': 13}"
"{'amount_strategy': 'normal_looking', 'amount_bucket': 'medium (50-200)', 'geographic_region_or_strategy': 'cross_border'}",3,ELIGIBLE,True,51,51,0,45,0,0,6,0.1176,0.0551,0.2338,0.8824,1.0,0.9375,0.0,0.8531,"{'CRITICAL_RISK': 43, 'LOW_RISK': 6, 'HIGH_RISK': 2}"
"{'amount_strategy': 'normal_looking', 'identity_strategy': 'existing_account', 'geographic_region_or_strategy': 'cross_border'}",3,ELIGIBLE,True,69,69,0,61,0,0,8,0.1159,0.0599,0.2125,0.8841,1.0,0.9385,0.0,0.8242,"{'CRITICAL_RISK': 54, 'LOW_RISK': 7, 'HIGH_RISK': 7, 'MODERATE_RISK': 1}"
"{'payment_channel': 'e-commerce', 'geographic_region_or_strategy': 'domestic', 'temporal_bucket': 'afternoon (12-17)'}",3,ELIGIBLE,True,320,44,276,39,255,21,5,0.1136,0.0495,0.2398,0.8864,0.65,0.75,0.0761,0.1996,"{'LOW_RISK': 248, 'CRITICAL_RISK': 48, 'HIGH_RISK': 12, 'MODERATE_RISK': 12}"
"{'amount_strategy': 'high_ticket_escalation', 'merchant_strategy': 'single_target', 'amount_bucket': 'high (200-800)'}",3,ELIGIBLE,True,63,63,0,56,0,0,7,0.1111,0.0549,0.212,0.8889,1.0,0.9412,0.0,0.8798,"{'CRITICAL_RISK': 54, 'MODERATE_RISK': 4, 'LOW_RISK': 3, 'HIGH_RISK': 2}"
"{'temporal_strategy': 'distributed', 'identity_strategy': 'existing_account', 'temporal_bucket': 'evening (18-23)'}",3,ELIGIBLE,True,54,54,0,48,0,0,6,0.1111,0.0519,0.2219,0.8889,1.0,0.9412,0.0,0.8195,"{'CRITICAL_RISK': 41, 'HIGH_RISK': 7, 'LOW_RISK': 6}"
"{'merchant_strategy': 'single_target', 'amount_bucket': 'high (200-800)'}",2,ELIGIBLE,True,82,82,0,73,0,0,9,0.1098,0.0588,0.1956,0.8902,1.0,0.9419,0.0,0.8724,"{'CRITICAL_RISK': 70, 'MODERATE_RISK': 5, 'LOW_RISK': 4, 'HIGH_RISK': 3}"
"{'amount_bucket': 'high (200-800)', 'temporal_bucket': 'morning (06-11)'}",2,ELIGIBLE,True,104,37,67,33,58,9,4,0.1081,0.0429,0.2471,0.8919,0.7857,0.8354,0.1343,0.4154,"{'LOW_RISK': 54, 'CRITICAL_RISK': 36, 'MODERATE_RISK': 8, 'HIGH_RISK': 6}"
"{'evasion_strategy': 'trusted_device_masking', 'geographic_strategy': 'domestic_matching'}",2,ELIGIBLE,True,65,65,0,58,0,0,7,0.1077,0.0532,0.206,0.8923,1.0,0.9431,0.0,0.8586,"{'CRITICAL_RISK': 54, 'LOW_RISK': 5, 'HIGH_RISK': 4, 'MODERATE_RISK': 2}"
"{'amount_strategy': 'high_ticket_escalation', 'merchant_strategy': 'high_risk_crypto'}",2,ELIGIBLE,True,65,65,0,58,0,0,7,0.1077,0.0532,0.206,0.8923,1.0,0.9431,0.0,0.872,"{'CRITICAL_RISK': 56, 'LOW_RISK': 7, 'HIGH_RISK': 2}"
"{'temporal_strategy': 'distributed', 'merchant_strategy': 'high_risk_crypto'}",2,ELIGIBLE,True,65,65,0,58,0,0,7,0.1077,0.0532,0.206,0.8923,1.0,0.9431,0.0,0.872,"{'CRITICAL_RISK': 56, 'LOW_RISK': 7, 'HIGH_RISK': 2}"
"{'merchant_strategy': 'high_risk_crypto', 'geographic_strategy': 'domestic_matching'}",2,ELIGIBLE,True,65,65,0,58,0,0,7,0.1077,0.0532,0.206,0.8923,1.0,0.9431,0.0,0.872,"{'CRITICAL_RISK': 56, 'LOW_RISK': 7, 'HIGH_RISK': 2}"
"{'geographic_strategy': 'domestic_matching', 'payment_channel': 'mobile_app'}",2,ELIGIBLE,True,65,65,0,58,0,0,7,0.1077,0.0532,0.206,0.8923,1.0,0.9431,0.0,0.8692,"{'CRITICAL_RISK': 56, 'LOW_RISK': 7, 'HIGH_RISK': 2}"
"{'evasion_strategy': 'trusted_device_masking', 'amount_strategy': 'high_ticket_escalation', 'geographic_strategy': 'domestic_matching'}",3,ELIGIBLE,True,65,65,0,58,0,0,7,0.1077,0.0532,0.206,0.8923,1.0,0.9431,0.0,0.8586,"{'CRITICAL_RISK': 54, 'LOW_RISK': 5, 'HIGH_RISK': 4, 'MODERATE_RISK': 2}"
"{'amount_strategy': 'high_ticket_escalation', 'temporal_strategy': 'distributed', 'merchant_strategy': 'high_risk_crypto'}",3,ELIGIBLE,True,65,65,0,58,0,0,7,0.1077,0.0532,0.206,0.8923,1.0,0.9431,0.0,0.872,"{'CRITICAL_RISK': 56, 'LOW_RISK': 7, 'HIGH_RISK': 2}"
"{'amount_strategy': 'high_ticket_escalation', 'identity_strategy': 'existing_account', 'geographic_strategy': 'domestic_matching'}",3,ELIGIBLE,True,65,65,0,58,0,0,7,0.1077,0.0532,0.206,0.8923,1.0,0.9431,0.0,0.8478,"{'CRITICAL_RISK': 52, 'HIGH_RISK': 6, 'LOW_RISK': 4, 'MODERATE_RISK': 3}"
"{'amount_strategy': 'high_ticket_escalation', 'merchant_strategy': 'high_risk_crypto', 'geographic_strategy': 'domestic_matching'}",3,ELIGIBLE,True,65,65,0,58,0,0,7,0.1077,0.0532,0.206,0.8923,1.0,0.9431,0.0,0.872,"{'CRITICAL_RISK': 56, 'LOW_RISK': 7, 'HIGH_RISK': 2}"
"{'amount_strategy': 'high_ticket_escalation', 'geographic_strategy': 'domestic_matching', 'payment_channel': 'mobile_app'}",3,ELIGIBLE,True,65,65,0,58,0,0,7,0.1077,0.0532,0.206,0.8923,1.0,0.9431,0.0,0.8692,"{'CRITICAL_RISK': 56, 'LOW_RISK': 7, 'HIGH_RISK': 2}"
"{'temporal_strategy': 'distributed', 'merchant_strategy': 'high_risk_crypto', 'geographic_strategy': 'domestic_matching'}",3,ELIGIBLE,True,65,65,0,58,0,0,7,0.1077,0.0532,0.206,0.8923,1.0,0.9431,0.0,0.872,"{'CRITICAL_RISK': 56, 'LOW_RISK': 7, 'HIGH_RISK': 2}"
"{'merchant_strategy': 'single_target', 'geographic_strategy': 'domestic_matching', 'amount_bucket': 'high (200-800)'}",3,ELIGIBLE,True,66,66,0,59,0,0,7,0.1061,0.0523,0.2031,0.8939,1.0,0.944,0.0,0.8754,"{'CRITICAL_RISK': 57, 'MODERATE_RISK': 5, 'HIGH_RISK': 2, 'LOW_RISK': 2}"
"{'payment_channel': 'e-commerce', 'temporal_bucket': 'morning (06-11)'}",2,ELIGIBLE,True,290,57,233,51,211,22,6,0.1053,0.0491,0.2112,0.8947,0.6986,0.7846,0.0944,0.2457,"{'LOW_RISK': 209, 'CRITICAL_RISK': 56, 'HIGH_RISK': 17, 'MODERATE_RISK': 8}"
"{'geographic_region_or_strategy': 'cross_border', 'temporal_bucket': 'night_off_hours (00-05)'}",2,ELIGIBLE,True,65,57,8,51,8,0,6,0.1053,0.0491,0.2112,0.8947,1.0,0.9444,0.0,0.7654,"{'CRITICAL_RISK': 47, 'LOW_RISK': 10, 'HIGH_RISK': 4, 'MODERATE_RISK': 4}"
"{'amount_strategy': 'high_ticket_escalation', 'identity_strategy': 'existing_account'}",2,ELIGIBLE,True,86,86,0,77,0,0,9,0.1047,0.056,0.1871,0.8953,1.0,0.9448,0.0,0.863,"{'CRITICAL_RISK': 71, 'HIGH_RISK': 6, 'MODERATE_RISK': 5, 'LOW_RISK': 4}"
"{'amount_strategy': 'high_ticket_escalation', 'temporal_strategy': 'distributed', 'identity_strategy': 'existing_account'}",3,ELIGIBLE,True,86,86,0,77,0,0,9,0.1047,0.056,0.1871,0.8953,1.0,0.9448,0.0,0.863,"{'CRITICAL_RISK': 71, 'HIGH_RISK': 6, 'MODERATE_RISK': 5, 'LOW_RISK': 4}"
"{'amount_bucket': 'medium (50-200)', 'payment_channel': 'e-commerce', 'geographic_region_or_strategy': 'cross_border'}",3,ELIGIBLE,True,59,39,20,35,18,2,4,0.1026,0.0406,0.2358,0.8974,0.9459,0.9211,0.1,0.6021,"{'CRITICAL_RISK': 33, 'LOW_RISK': 21, 'HIGH_RISK': 4, 'MODERATE_RISK': 1}"
"{'merchant_category': 'digital_goods', 'temporal_bucket': 'evening (18-23)'}",2,ELIGIBLE,True,83,30,53,27,49,4,3,0.1,0.0346,0.2562,0.9,0.871,0.8852,0.0755,0.3797,"{'LOW_RISK': 47, 'CRITICAL_RISK': 24, 'HIGH_RISK': 7, 'MODERATE_RISK': 5}"
"{'amount_bucket': 'medium (50-200)', 'payment_channel': 'e-commerce', 'merchant_category': 'electronics'}",3,ELIGIBLE,True,52,20,32,18,20,12,2,0.1,0.0279,0.301,0.9,0.6,0.72,0.375,0.5382,"{'CRITICAL_RISK': 20, 'LOW_RISK': 16, 'HIGH_RISK': 10, 'MODERATE_RISK': 6}"
"{'amount_bucket': 'high (200-800)', 'geographic_region_or_strategy': 'cross_border'}",2,ELIGIBLE,True,82,71,11,64,8,3,7,0.0986,0.0486,0.1898,0.9014,0.9552,0.9275,0.2727,0.8188,"{'CRITICAL_RISK': 62, 'LOW_RISK': 8, 'MODERATE_RISK': 7, 'HIGH_RISK': 5}"
"{'temporal_strategy': 'distributed', 'payment_channel': 'e-commerce', 'geographic_region_or_strategy': 'cross_border'}",3,ELIGIBLE,True,52,52,0,47,0,0,5,0.0962,0.0418,0.2061,0.9038,1.0,0.9495,0.0,0.8666,"{'CRITICAL_RISK': 44, 'LOW_RISK': 4, 'HIGH_RISK': 3, 'MODERATE_RISK': 1}"
"{'payment_channel': 'mobile_app', 'temporal_bucket': 'afternoon (12-17)'}",2,ELIGIBLE,True,191,21,170,19,166,4,2,0.0952,0.0265,0.2891,0.9048,0.8261,0.8636,0.0235,0.1359,"{'LOW_RISK': 161, 'CRITICAL_RISK': 18, 'MODERATE_RISK': 7, 'HIGH_RISK': 5}"
"{'amount_bucket': 'medium (50-200)', 'merchant_category': 'electronics'}",2,ELIGIBLE,True,132,21,111,19,96,15,2,0.0952,0.0265,0.2891,0.9048,0.5588,0.6909,0.1351,0.2818,"{'LOW_RISK': 85, 'CRITICAL_RISK': 22, 'MODERATE_RISK': 13, 'HIGH_RISK': 12}"
"{'merchant_strategy': 'single_target', 'amount_bucket': 'high (200-800)', 'geographic_region_or_strategy': 'domestic'}",3,ELIGIBLE,True,53,53,0,48,0,0,5,0.0943,0.041,0.2025,0.9057,1.0,0.9505,0.0,0.8705,"{'CRITICAL_RISK': 46, 'LOW_RISK': 3, 'HIGH_RISK': 2, 'MODERATE_RISK': 2}"
"{'geographic_strategy': 'domestic_matching', 'amount_bucket': 'high (200-800)', 'geographic_region_or_strategy': 'cross_border'}",3,ELIGIBLE,True,53,53,0,48,0,0,5,0.0943,0.041,0.2025,0.9057,1.0,0.9505,0.0,0.8943,"{'CRITICAL_RISK': 45, 'MODERATE_RISK': 4, 'HIGH_RISK': 3, 'LOW_RISK': 1}"
"{'evasion_strategy': 'risk_signal_suppression', 'payment_channel': 'api_gateway'}",2,ELIGIBLE,True,64,64,0,58,0,0,6,0.0938,0.0437,0.1898,0.9062,1.0,0.9508,0.0,0.8518,"{'CRITICAL_RISK': 53, 'HIGH_RISK': 5, 'LOW_RISK': 4, 'MODERATE_RISK': 2}"
"{'evasion_strategy': 'risk_signal_suppression', 'geographic_strategy': 'domestic_matching', 'payment_channel': 'api_gateway'}",3,ELIGIBLE,True,64,64,0,58,0,0,6,0.0938,0.0437,0.1898,0.9062,1.0,0.9508,0.0,0.8518,"{'CRITICAL_RISK': 53, 'HIGH_RISK': 5, 'LOW_RISK': 4, 'MODERATE_RISK': 2}"
"{'temporal_strategy': 'distributed', 'geographic_strategy': 'domestic_matching', 'payment_channel': 'api_gateway'}",3,ELIGIBLE,True,64,64,0,58,0,0,6,0.0938,0.0437,0.1898,0.9062,1.0,0.9508,0.0,0.8624,"{'CRITICAL_RISK': 54, 'HIGH_RISK': 4, 'LOW_RISK': 4, 'MODERATE_RISK': 2}"
"{'amount_bucket': 'high (200-800)', 'temporal_bucket': 'afternoon (12-17)'}",2,ELIGIBLE,True,124,43,81,39,70,11,4,0.093,0.0368,0.216,0.907,0.78,0.8387,0.1358,0.4271,"{'LOW_RISK': 62, 'CRITICAL_RISK': 44, 'MODERATE_RISK': 12, 'HIGH_RISK': 6}"
"{'amount_strategy': 'normal_looking', 'geographic_region_or_strategy': 'cross_border'}",2,ELIGIBLE,True,88,88,0,80,0,0,8,0.0909,0.0468,0.1693,0.9091,1.0,0.9524,0.0,0.8533,"{'CRITICAL_RISK': 72, 'HIGH_RISK': 8, 'LOW_RISK': 7, 'MODERATE_RISK': 1}"
"{'payment_channel': 'api_gateway', 'geographic_region_or_strategy': 'domestic'}",2,ELIGIBLE,True,80,55,25,50,25,0,5,0.0909,0.0395,0.1958,0.9091,1.0,0.9524,0.0,0.5987,"{'CRITICAL_RISK': 46, 'LOW_RISK': 28, 'HIGH_RISK': 4, 'MODERATE_RISK': 2}"
"{'geographic_strategy': 'domestic_matching', 'payment_channel': 'api_gateway', 'geographic_region_or_strategy': 'domestic'}",3,ELIGIBLE,True,55,55,0,50,0,0,5,0.0909,0.0395,0.1958,0.9091,1.0,0.9524,0.0,0.8525,"{'CRITICAL_RISK': 46, 'HIGH_RISK': 4, 'LOW_RISK': 4, 'MODERATE_RISK': 1}"
"{'amount_bucket': 'high (200-800)', 'temporal_bucket': 'evening (18-23)'}",2,ELIGIBLE,True,104,34,70,31,65,5,3,0.0882,0.0305,0.2296,0.9118,0.8611,0.8857,0.0714,0.3689,"{'LOW_RISK': 62, 'CRITICAL_RISK': 32, 'MODERATE_RISK': 6, 'HIGH_RISK': 4}"
"{'identity_strategy': 'existing_account', 'payment_channel': 'e-commerce', 'geographic_region_or_strategy': 'cross_border'}",3,ELIGIBLE,True,57,57,0,52,0,0,5,0.0877,0.0381,0.1894,0.9123,1.0,0.9541,0.0,0.8656,"{'CRITICAL_RISK': 48, 'HIGH_RISK': 4, 'LOW_RISK': 4, 'MODERATE_RISK': 1}"
"{'amount_bucket': 'high (200-800)', 'geographic_region_or_strategy': 'domestic', 'temporal_bucket': 'evening (18-23)'}",3,ELIGIBLE,True,92,23,69,21,65,4,2,0.087,0.0242,0.268,0.913,0.84,0.875,0.058,0.3018,"{'LOW_RISK': 62, 'CRITICAL_RISK': 23, 'MODERATE_RISK': 5, 'HIGH_RISK': 2}"
"{'payment_channel': 'e-commerce', 'merchant_category': 'electronics', 'geographic_region_or_strategy': 'domestic'}",3,ELIGIBLE,True,58,23,35,21,22,13,2,0.087,0.0242,0.268,0.913,0.6176,0.7368,0.3714,0.5476,"{'CRITICAL_RISK': 23, 'LOW_RISK': 18, 'HIGH_RISK': 11, 'MODERATE_RISK': 6}"
"{'temporal_strategy': 'distributed', 'identity_strategy': 'existing_account', 'geographic_region_or_strategy': 'cross_border'}",3,ELIGIBLE,True,81,81,0,74,0,0,7,0.0864,0.0425,0.1678,0.9136,1.0,0.9548,0.0,0.8573,"{'CRITICAL_RISK': 66, 'HIGH_RISK': 8, 'LOW_RISK': 5, 'MODERATE_RISK': 2}"
"{'amount_bucket': 'high (200-800)', 'geographic_region_or_strategy': 'domestic', 'temporal_bucket': 'morning (06-11)'}",3,ELIGIBLE,True,87,24,63,22,56,7,2,0.0833,0.0232,0.2585,0.9167,0.7586,0.8302,0.1111,0.349,"{'LOW_RISK': 50, 'CRITICAL_RISK': 24, 'MODERATE_RISK': 8, 'HIGH_RISK': 5}"
"{'identity_strategy': 'existing_account', 'amount_bucket': 'high (200-800)'}",2,ELIGIBLE,True,61,61,0,56,0,0,5,0.082,0.0355,0.1779,0.918,1.0,0.9573,0.0,0.9012,"{'CRITICAL_RISK': 54, 'MODERATE_RISK': 3, 'HIGH_RISK': 2, 'LOW_RISK': 2}"
"{'geographic_strategy': 'domestic_matching', 'merchant_category': 'digital_goods', 'geographic_region_or_strategy': 'domestic'}",3,ELIGIBLE,True,50,50,0,46,0,0,4,0.08,0.0315,0.1884,0.92,1.0,0.9583,0.0,0.838,"{'CRITICAL_RISK': 38, 'HIGH_RISK': 8, 'MODERATE_RISK': 4}"
"{'temporal_strategy': 'distributed', 'merchant_strategy': 'digital_marketplace', 'geographic_strategy': 'domestic_matching'}",3,ELIGIBLE,True,63,63,0,58,0,0,5,0.0794,0.0344,0.1727,0.9206,1.0,0.9587,0.0,0.8391,"{'CRITICAL_RISK': 47, 'HIGH_RISK': 11, 'MODERATE_RISK': 3, 'LOW_RISK': 2}"
"{'amount_strategy': 'high_ticket_escalation', 'temporal_strategy': 'distributed', 'amount_bucket': 'high (200-800)'}",3,ELIGIBLE,True,89,89,0,82,0,0,7,0.0787,0.0386,0.1536,0.9213,1.0,0.9591,0.0,0.8977,"{'CRITICAL_RISK': 79, 'LOW_RISK': 4, 'HIGH_RISK': 3, 'MODERATE_RISK': 3}"
"{'merchant_strategy': 'digital_marketplace', 'geographic_strategy': 'domestic_matching', 'amount_bucket': 'micro_low (<50)'}",3,ELIGIBLE,True,51,51,0,47,0,0,4,0.0784,0.0309,0.185,0.9216,1.0,0.9592,0.0,0.8137,"{'CRITICAL_RISK': 35, 'HIGH_RISK': 12, 'MODERATE_RISK': 2, 'LOW_RISK': 2}"
{'amount_bucket': 'high (200-800)'},1,ELIGIBLE,True,400,166,234,153,208,26,13,0.0783,0.0463,0.1294,0.9217,0.8547,0.887,0.1111,0.4625,"{'LOW_RISK': 192, 'CRITICAL_RISK': 161, 'MODERATE_RISK': 29, 'HIGH_RISK': 18}"
"{'amount_strategy': 'high_ticket_escalation', 'amount_bucket': 'high (200-800)'}",2,ELIGIBLE,True,128,128,0,118,0,0,10,0.0781,0.043,0.1378,0.9219,1.0,0.9593,0.0,0.9058,"{'CRITICAL_RISK': 114, 'MODERATE_RISK': 6, 'LOW_RISK': 4, 'HIGH_RISK': 4}"
"{'geographic_strategy': 'domestic_matching', 'payment_channel': 'e-commerce', 'geographic_region_or_strategy': 'cross_border'}",3,ELIGIBLE,True,64,64,0,59,0,0,5,0.0781,0.0338,0.1702,0.9219,1.0,0.9593,0.0,0.8821,"{'CRITICAL_RISK': 56, 'LOW_RISK': 4, 'HIGH_RISK': 3, 'MODERATE_RISK': 1}"
"{'geographic_strategy': 'domestic_matching', 'amount_bucket': 'high (200-800)'}",2,ELIGIBLE,True,131,131,0,121,0,0,10,0.0763,0.042,0.1348,0.9237,1.0,0.9603,0.0,0.9014,"{'CRITICAL_RISK': 117, 'MODERATE_RISK': 7, 'HIGH_RISK': 4, 'LOW_RISK': 3}"
"{'amount_bucket': 'medium (50-200)', 'payment_channel': 'api_gateway'}",2,ELIGIBLE,True,68,53,15,49,15,0,4,0.0755,0.0297,0.1786,0.9245,1.0,0.9608,0.0,0.7006,"{'CRITICAL_RISK': 47, 'LOW_RISK': 18, 'HIGH_RISK': 2, 'MODERATE_RISK': 1}"
"{'amount_strategy': 'high_ticket_escalation', 'geographic_strategy': 'domestic_matching', 'amount_bucket': 'high (200-800)'}",3,ELIGIBLE,True,108,108,0,100,0,0,8,0.0741,0.038,0.1394,0.9259,1.0,0.9615,0.0,0.9099,"{'CRITICAL_RISK': 97, 'MODERATE_RISK': 6, 'HIGH_RISK': 3, 'LOW_RISK': 2}"
"{'merchant_category': 'digital_goods', 'geographic_region_or_strategy': 'domestic'}",2,ELIGIBLE,True,231,54,177,50,166,11,4,0.0741,0.0292,0.1755,0.9259,0.8197,0.8696,0.0621,0.2759,"{'LOW_RISK': 157, 'CRITICAL_RISK': 43, 'HIGH_RISK': 18, 'MODERATE_RISK': 13}"
"{'merchant_strategy': 'digital_marketplace', 'geographic_region_or_strategy': 'domestic'}",2,ELIGIBLE,True,69,69,0,64,0,0,5,0.0725,0.0313,0.1587,0.9275,1.0,0.9624,0.0,0.8605,"{'CRITICAL_RISK': 57, 'HIGH_RISK': 7, 'MODERATE_RISK': 3, 'LOW_RISK': 2}"
"{'merchant_strategy': 'digital_marketplace', 'geographic_strategy': 'domestic_matching', 'geographic_region_or_strategy': 'domestic'}",3,ELIGIBLE,True,69,69,0,64,0,0,5,0.0725,0.0313,0.1587,0.9275,1.0,0.9624,0.0,0.8605,"{'CRITICAL_RISK': 57, 'HIGH_RISK': 7, 'MODERATE_RISK': 3, 'LOW_RISK': 2}"
"{'payment_channel': 'e-commerce', 'geographic_region_or_strategy': 'cross_border'}",2,ELIGIBLE,True,105,70,35,65,30,5,5,0.0714,0.0309,0.1566,0.9286,0.9286,0.9286,0.1429,0.6323,"{'CRITICAL_RISK': 62, 'LOW_RISK': 33, 'HIGH_RISK': 8, 'MODERATE_RISK': 2}"
"{'geographic_strategy': 'domestic_matching', 'payment_channel': 'api_gateway'}",2,ELIGIBLE,True,85,85,0,79,0,0,6,0.0706,0.0328,0.1456,0.9294,1.0,0.9634,0.0,0.8856,"{'CRITICAL_RISK': 74, 'HIGH_RISK': 5, 'LOW_RISK': 4, 'MODERATE_RISK': 2}"
"{'amount_strategy': 'normal_looking', 'temporal_strategy': 'distributed', 'geographic_region_or_strategy': 'cross_border'}",3,ELIGIBLE,True,57,57,0,53,0,0,4,0.0702,0.0276,0.167,0.9298,1.0,0.9636,0.0,0.8673,"{'CRITICAL_RISK': 48, 'HIGH_RISK': 5, 'LOW_RISK': 4}"
"{'temporal_strategy': 'distributed', 'payment_channel': 'api_gateway'}",2,ELIGIBLE,True,86,86,0,80,0,0,6,0.0698,0.0324,0.144,0.9302,1.0,0.9639,0.0,0.8687,"{'CRITICAL_RISK': 72, 'HIGH_RISK': 8, 'LOW_RISK': 4, 'MODERATE_RISK': 2}"
"{'merchant_strategy': 'digital_marketplace', 'amount_bucket': 'micro_low (<50)'}",2,ELIGIBLE,True,59,59,0,55,0,0,4,0.0678,0.0267,0.1618,0.9322,1.0,0.9649,0.0,0.8101,"{'CRITICAL_RISK': 40, 'HIGH_RISK': 15, 'MODERATE_RISK': 2, 'LOW_RISK': 2}"
"{'amount_bucket': 'micro_low (<50)', 'temporal_bucket': 'morning (06-11)'}",2,ELIGIBLE,True,370,30,340,28,336,4,2,0.0667,0.0185,0.2132,0.9333,0.875,0.9032,0.0118,0.0919,"{'LOW_RISK': 333, 'CRITICAL_RISK': 21, 'HIGH_RISK': 11, 'MODERATE_RISK': 5}"
"{'temporal_strategy': 'distributed', 'amount_bucket': 'high (200-800)'}",2,ELIGIBLE,True,109,109,0,102,0,0,7,0.0642,0.0315,0.1267,0.9358,1.0,0.9668,0.0,0.9061,"{'CRITICAL_RISK': 98, 'HIGH_RISK': 4, 'LOW_RISK': 4, 'MODERATE_RISK': 3}"
"{'geographic_strategy': 'domestic_matching', 'amount_bucket': 'high (200-800)', 'geographic_region_or_strategy': 'domestic'}",3,ELIGIBLE,True,78,78,0,73,0,0,5,0.0641,0.0277,0.1414,0.9359,1.0,0.9669,0.0,0.9061,"{'CRITICAL_RISK': 72, 'MODERATE_RISK': 3, 'LOW_RISK': 2, 'HIGH_RISK': 1}"
"{'attack_family': 'Evasive & Micro-Transaction Attacks', 'identity_strategy': 'existing_account'}",2,ELIGIBLE,True,63,63,0,59,0,0,4,0.0635,0.025,0.1522,0.9365,1.0,0.9672,0.0,0.895,"{'CRITICAL_RISK': 55, 'MODERATE_RISK': 4, 'HIGH_RISK': 4}"
"{'attack_family': 'Evasive & Micro-Transaction Attacks', 'identity_strategy': 'existing_account', 'geographic_strategy': 'domestic_matching'}",3,ELIGIBLE,True,63,63,0,59,0,0,4,0.0635,0.025,0.1522,0.9365,1.0,0.9672,0.0,0.895,"{'CRITICAL_RISK': 55, 'MODERATE_RISK': 4, 'HIGH_RISK': 4}"
"{'amount_bucket': 'high (200-800)', 'geographic_region_or_strategy': 'domestic'}",2,ELIGIBLE,True,318,95,223,89,200,23,6,0.0632,0.0293,0.131,0.9368,0.7946,0.8599,0.1031,0.3706,"{'LOW_RISK': 184, 'CRITICAL_RISK': 99, 'MODERATE_RISK': 22, 'HIGH_RISK': 13}"
"{'amount_strategy': 'high_ticket_escalation', 'amount_bucket': 'high (200-800)', 'geographic_region_or_strategy': 'domestic'}",3,ELIGIBLE,True,80,80,0,75,0,0,5,0.0625,0.027,0.1381,0.9375,1.0,0.9677,0.0,0.9131,"{'CRITICAL_RISK': 73, 'MODERATE_RISK': 3, 'HIGH_RISK': 2, 'LOW_RISK': 2}"
"{'amount_bucket': 'micro_low (<50)', 'geographic_region_or_strategy': 'cross_border'}",2,ELIGIBLE,True,95,48,47,45,46,1,3,0.0625,0.0215,0.1684,0.9375,0.9783,0.9574,0.0213,0.4432,"{'LOW_RISK': 48, 'CRITICAL_RISK': 33, 'HIGH_RISK': 13, 'MODERATE_RISK': 1}"
"{'temporal_strategy': 'distributed', 'amount_bucket': 'high (200-800)', 'geographic_region_or_strategy': 'domestic'}",3,ELIGIBLE,True,66,66,0,62,0,0,4,0.0606,0.0238,0.1457,0.9394,1.0,0.9688,0.0,0.9091,"{'CRITICAL_RISK': 61, 'LOW_RISK': 2, 'MODERATE_RISK': 2, 'HIGH_RISK': 1}"
"{'temporal_strategy': 'distributed', 'merchant_strategy': 'digital_marketplace'}",2,ELIGIBLE,True,85,85,0,80,0,0,5,0.0588,0.0254,0.1304,0.9412,1.0,0.9697,0.0,0.8515,"{'CRITICAL_RISK': 65, 'HIGH_RISK': 15, 'MODERATE_RISK': 3, 'LOW_RISK': 2}"
"{'temporal_strategy': 'distributed', 'geographic_strategy': 'domestic_matching', 'amount_bucket': 'high (200-800)'}",3,ELIGIBLE,True,85,85,0,80,0,0,5,0.0588,0.0254,0.1304,0.9412,1.0,0.9697,0.0,0.9076,"{'CRITICAL_RISK': 77, 'HIGH_RISK': 3, 'MODERATE_RISK': 3, 'LOW_RISK': 2}"
"{'amount_bucket': 'micro_low (<50)', 'merchant_category': 'digital_goods', 'geographic_region_or_strategy': 'domestic'}",3,ELIGIBLE,True,132,35,97,33,94,3,2,0.0571,0.0158,0.1861,0.9429,0.9167,0.9296,0.0309,0.2791,"{'LOW_RISK': 90, 'CRITICAL_RISK': 27, 'HIGH_RISK': 9, 'MODERATE_RISK': 6}"
{'payment_channel': 'api_gateway'},1,ELIGIBLE,True,133,107,26,101,26,0,6,0.0561,0.026,0.117,0.9439,1.0,0.9712,0.0,0.7237,"{'CRITICAL_RISK': 92, 'LOW_RISK': 28, 'HIGH_RISK': 9, 'MODERATE_RISK': 4}"
"{'merchant_category': 'electronics', 'geographic_region_or_strategy': 'domestic'}",2,ELIGIBLE,True,164,36,128,34,110,18,2,0.0556,0.0154,0.1814,0.9444,0.6538,0.7727,0.1406,0.3393,"{'LOW_RISK': 96, 'CRITICAL_RISK': 37, 'MODERATE_RISK': 16, 'HIGH_RISK': 15}"
"{'payment_channel': 'e-commerce', 'merchant_category': 'electronics'}",2,ELIGIBLE,True,73,36,37,34,24,13,2,0.0556,0.0154,0.1814,0.9444,0.7234,0.8193,0.3514,0.6116,"{'CRITICAL_RISK': 36, 'LOW_RISK': 19, 'HIGH_RISK': 11, 'MODERATE_RISK': 7}"
"{'amount_bucket': 'medium (50-200)', 'merchant_category': 'digital_goods'}",2,ELIGIBLE,True,118,38,80,36,72,8,2,0.0526,0.0146,0.1729,0.9474,0.8182,0.878,0.1,0.3845,"{'LOW_RISK': 67, 'CRITICAL_RISK': 35, 'HIGH_RISK': 9, 'MODERATE_RISK': 7}"
{'merchant_category': 'electronics'},1,ELIGIBLE,True,196,60,136,57,118,18,3,0.05,0.0171,0.137,0.95,0.76,0.8444,0.1324,0.4062,"{'LOW_RISK': 102, 'CRITICAL_RISK': 60, 'MODERATE_RISK': 19, 'HIGH_RISK': 15}"
"{'merchant_category': 'marketplace', 'temporal_bucket': 'afternoon (12-17)'}",2,ELIGIBLE,True,160,20,140,19,133,7,1,0.05,0.0089,0.2361,0.95,0.7308,0.8261,0.05,0.1868,"{'LOW_RISK': 129, 'CRITICAL_RISK': 22, 'MODERATE_RISK': 5, 'HIGH_RISK': 4}"
"{'temporal_strategy': 'distributed', 'geographic_strategy': 'domestic_matching', 'merchant_category': 'digital_goods'}",3,ELIGIBLE,True,61,61,0,58,0,0,3,0.0492,0.0169,0.1349,0.9508,1.0,0.9748,0.0,0.869,"{'CRITICAL_RISK': 49, 'HIGH_RISK': 9, 'MODERATE_RISK': 3}"
"{'geographic_strategy': 'domestic_matching', 'merchant_category': 'digital_goods'}",2,ELIGIBLE,True,83,83,0,79,0,0,4,0.0482,0.0189,0.1175,0.9518,1.0,0.9753,0.0,0.8729,"{'CRITICAL_RISK': 67, 'HIGH_RISK': 12, 'MODERATE_RISK': 4}"
{'attack_family': 'Evasive & Micro-Transaction Attacks'},1,ELIGIBLE,True,84,84,0,80,0,0,4,0.0476,0.0187,0.1161,0.9524,1.0,0.9756,0.0,0.9039,"{'CRITICAL_RISK': 74, 'HIGH_RISK': 6, 'MODERATE_RISK': 4}"
"{'attack_family': 'Evasive & Micro-Transaction Attacks', 'geographic_strategy': 'domestic_matching'}",2,ELIGIBLE,True,84,84,0,80,0,0,4,0.0476,0.0187,0.1161,0.9524,1.0,0.9756,0.0,0.9039,"{'CRITICAL_RISK': 74, 'HIGH_RISK': 6, 'MODERATE_RISK': 4}"
"{'amount_bucket': 'high (200-800)', 'merchant_category': 'luxury', 'geographic_region_or_strategy': 'domestic'}",3,ELIGIBLE,True,51,21,30,20,20,10,1,0.0476,0.0085,0.2267,0.9524,0.6667,0.7843,0.3333,0.5963,"{'CRITICAL_RISK': 26, 'LOW_RISK': 15, 'MODERATE_RISK': 6, 'HIGH_RISK': 4}"
"{'merchant_strategy': 'digital_marketplace', 'geographic_strategy': 'domestic_matching'}",2,ELIGIBLE,True,106,106,0,101,0,0,5,0.0472,0.0203,0.1057,0.9528,1.0,0.9758,0.0,0.8807,"{'CRITICAL_RISK': 88, 'HIGH_RISK': 13, 'MODERATE_RISK': 3, 'LOW_RISK': 2}"
{'merchant_category': 'gaming'},1,ELIGIBLE,True,98,22,76,21,71,5,1,0.0455,0.0081,0.218,0.9545,0.8077,0.875,0.0658,0.2958,"{'LOW_RISK': 67, 'CRITICAL_RISK': 20, 'HIGH_RISK': 6, 'MODERATE_RISK': 5}"
{'merchant_strategy': 'digital_marketplace'},1,ELIGIBLE,True,128,128,0,123,0,0,5,0.0391,0.0168,0.0882,0.9609,1.0,0.9801,0.0,0.8818,"{'CRITICAL_RISK': 106, 'HIGH_RISK': 17, 'MODERATE_RISK': 3, 'LOW_RISK': 2}"
{'merchant_category': 'digital_goods'},1,ELIGIBLE,True,289,104,185,100,173,12,4,0.0385,0.0151,0.0947,0.9615,0.8929,0.9259,0.0649,0.3842,"{'LOW_RISK': 164, 'CRITICAL_RISK': 87, 'HIGH_RISK': 25, 'MODERATE_RISK': 13}"
"{'temporal_strategy': 'distributed', 'merchant_category': 'digital_goods'}",2,ELIGIBLE,True,78,78,0,75,0,0,3,0.0385,0.0132,0.1071,0.9615,1.0,0.9804,0.0,0.8744,"{'CRITICAL_RISK': 63, 'HIGH_RISK': 12, 'MODERATE_RISK': 3}"
"{'amount_bucket': 'high (200-800)', 'temporal_bucket': 'night_off_hours (00-05)'}",2,ELIGIBLE,True,68,52,16,50,15,1,2,0.0385,0.0106,0.1298,0.9615,0.9804,0.9709,0.0625,0.7422,"{'CRITICAL_RISK': 49, 'LOW_RISK': 14, 'MODERATE_RISK': 3, 'HIGH_RISK': 2}"
"{'geographic_strategy': 'domestic_matching', 'merchant_category': 'money_transfer'}",2,ELIGIBLE,True,52,52,0,50,0,0,2,0.0385,0.0106,0.1298,0.9615,1.0,0.9804,0.0,0.9255,"{'CRITICAL_RISK': 49, 'MODERATE_RISK': 2, 'HIGH_RISK': 1}"
"{'merchant_category': 'digital_goods', 'temporal_bucket': 'afternoon (12-17)'}",2,ELIGIBLE,True,96,26,70,25,67,3,1,0.0385,0.0068,0.1889,0.9615,0.8929,0.9259,0.0429,0.3067,"{'LOW_RISK': 64, 'CRITICAL_RISK': 22, 'HIGH_RISK': 6, 'MODERATE_RISK': 4}"
"{'attack_family': 'Evasive & Micro-Transaction Attacks', 'geographic_region_or_strategy': 'domestic'}",2,ELIGIBLE,True,53,53,0,51,0,0,2,0.0377,0.0104,0.1275,0.9623,1.0,0.9808,0.0,0.8996,"{'CRITICAL_RISK': 46, 'HIGH_RISK': 5, 'MODERATE_RISK': 2}"
"{'attack_family': 'Evasive & Micro-Transaction Attacks', 'geographic_strategy': 'domestic_matching', 'geographic_region_or_strategy': 'domestic'}",3,ELIGIBLE,True,53,53,0,51,0,0,2,0.0377,0.0104,0.1275,0.9623,1.0,0.9808,0.0,0.8996,"{'CRITICAL_RISK': 46, 'HIGH_RISK': 5, 'MODERATE_RISK': 2}"
"{'amount_bucket': 'high (200-800)', 'payment_channel': 'mobile_app'}",2,ELIGIBLE,True,73,54,19,52,18,1,2,0.037,0.0102,0.1254,0.963,0.9811,0.972,0.0526,0.7206,"{'CRITICAL_RISK': 51, 'LOW_RISK': 18, 'HIGH_RISK': 2, 'MODERATE_RISK': 2}"
"{'amount_strategy': 'high_ticket_escalation', 'amount_bucket': 'high (200-800)', 'payment_channel': 'mobile_app'}",3,ELIGIBLE,True,54,54,0,52,0,0,2,0.037,0.0102,0.1254,0.963,1.0,0.9811,0.0,0.9426,"{'CRITICAL_RISK': 51, 'LOW_RISK': 2, 'HIGH_RISK': 1}"
"{'merchant_strategy': 'digital_marketplace', 'merchant_category': 'digital_goods'}",2,ELIGIBLE,True,55,55,0,53,0,0,2,0.0364,0.01,0.1232,0.9636,1.0,0.9815,0.0,0.8793,"{'CRITICAL_RISK': 45, 'HIGH_RISK': 8, 'MODERATE_RISK': 2}"
"{'merchant_strategy': 'single_target', 'merchant_category': 'money_transfer'}",2,ELIGIBLE,True,55,55,0,53,0,0,2,0.0364,0.01,0.1232,0.9636,1.0,0.9815,0.0,0.9327,"{'CRITICAL_RISK': 52, 'MODERATE_RISK': 2, 'HIGH_RISK': 1}"
"{'geographic_strategy': 'domestic_matching', 'amount_bucket': 'micro_low (<50)', 'merchant_category': 'digital_goods'}",3,ELIGIBLE,True,55,55,0,53,0,0,2,0.0364,0.01,0.1232,0.9636,1.0,0.9815,0.0,0.8721,"{'CRITICAL_RISK': 44, 'HIGH_RISK': 9, 'MODERATE_RISK': 2}"
"{'amount_bucket': 'high (200-800)', 'merchant_category': 'luxury'}",2,ELIGIBLE,True,61,28,33,27,22,11,1,0.0357,0.0063,0.1771,0.9643,0.7105,0.8182,0.3333,0.6239,"{'CRITICAL_RISK': 32, 'LOW_RISK': 16, 'MODERATE_RISK': 7, 'HIGH_RISK': 6}"
"{'entry/payment_channel': 'credential_abuse/e-commerce', 'amount_bucket': 'medium (50-200)'}",2,ELIGIBLE,True,57,57,0,55,0,0,2,0.0351,0.0097,0.1192,0.9649,1.0,0.9821,0.0,0.8956,"{'CRITICAL_RISK': 49, 'HIGH_RISK': 6, 'MODERATE_RISK': 2}"
"{'geographic_strategy': 'domestic_matching', 'merchant_category': 'electronics'}",2,ELIGIBLE,True,57,57,0,55,0,0,2,0.0351,0.0097,0.1192,0.9649,1.0,0.9821,0.0,0.9194,"{'CRITICAL_RISK': 52, 'HIGH_RISK': 3, 'MODERATE_RISK': 2}"
"{'entry/payment_channel': 'credential_abuse/e-commerce', 'identity_strategy': 'existing_account', 'amount_bucket': 'medium (50-200)'}",3,ELIGIBLE,True,57,57,0,55,0,0,2,0.0351,0.0097,0.1192,0.9649,1.0,0.9821,0.0,0.8956,"{'CRITICAL_RISK': 49, 'HIGH_RISK': 6, 'MODERATE_RISK': 2}"
"{'entry/payment_channel': 'credential_abuse/e-commerce', 'amount_bucket': 'medium (50-200)', 'payment_channel': 'e-commerce'}",3,ELIGIBLE,True,57,57,0,55,0,0,2,0.0351,0.0097,0.1192,0.9649,1.0,0.9821,0.0,0.8956,"{'CRITICAL_RISK': 49, 'HIGH_RISK': 6, 'MODERATE_RISK': 2}"
{'merchant_category': 'money_transfer'},1,ELIGIBLE,True,112,64,48,62,37,11,2,0.0312,0.0086,0.107,0.9688,0.8493,0.9051,0.2292,0.6642,"{'CRITICAL_RISK': 68, 'LOW_RISK': 29, 'MODERATE_RISK': 10, 'HIGH_RISK': 5}"
"{'amount_bucket': 'micro_low (<50)', 'merchant_category': 'digital_goods'}",2,ELIGIBLE,True,168,65,103,63,99,4,2,0.0308,0.0085,0.1054,0.9692,0.9403,0.9545,0.0388,0.3844,"{'LOW_RISK': 95, 'CRITICAL_RISK': 51, 'HIGH_RISK': 16, 'MODERATE_RISK': 6}"
{'geographic_strategy': 'residential_proxy_spoofed'},1,ELIGIBLE,True,65,65,0,63,0,0,2,0.0308,0.0085,0.1054,0.9692,1.0,0.9844,0.0,0.8896,"{'CRITICAL_RISK': 52, 'HIGH_RISK': 11, 'MODERATE_RISK': 2}"
"{'temporal_strategy': 'distributed', 'geographic_strategy': 'residential_proxy_spoofed'}",2,ELIGIBLE,True,65,65,0,63,0,0,2,0.0308,0.0085,0.1054,0.9692,1.0,0.9844,0.0,0.8896,"{'CRITICAL_RISK': 52, 'HIGH_RISK': 11, 'MODERATE_RISK': 2}"
"{'identity_strategy': 'existing_account', 'geographic_strategy': 'residential_proxy_spoofed'}",2,ELIGIBLE,True,65,65,0,63,0,0,2,0.0308,0.0085,0.1054,0.9692,1.0,0.9844,0.0,0.8896,"{'CRITICAL_RISK': 52, 'HIGH_RISK': 11, 'MODERATE_RISK': 2}"
"{'temporal_strategy': 'distributed', 'identity_strategy': 'existing_account', 'geographic_strategy': 'residential_proxy_spoofed'}",3,ELIGIBLE,True,65,65,0,63,0,0,2,0.0308,0.0085,0.1054,0.9692,1.0,0.9844,0.0,0.8896,"{'CRITICAL_RISK': 52, 'HIGH_RISK': 11, 'MODERATE_RISK': 2}"
"{'merchant_category': 'luxury', 'geographic_region_or_strategy': 'domestic'}",2,ELIGIBLE,True,69,33,36,32,25,11,1,0.0303,0.0054,0.1532,0.9697,0.7442,0.8421,0.3056,0.6129,"{'CRITICAL_RISK': 35, 'LOW_RISK': 20, 'HIGH_RISK': 8, 'MODERATE_RISK': 6}"
"{'amount_bucket': 'high (200-800)', 'merchant_category': 'electronics'}",2,ELIGIBLE,True,55,36,19,35,16,3,1,0.0278,0.0049,0.1417,0.9722,0.9211,0.9459,0.1579,0.7074,"{'CRITICAL_RISK': 35, 'LOW_RISK': 12, 'MODERATE_RISK': 5, 'HIGH_RISK': 3}"
"{'entry/payment_channel': 'credential_abuse/e-commerce', 'identity_strategy': 'existing_account', 'geographic_region_or_strategy': 'domestic'}",3,ELIGIBLE,True,77,77,0,75,0,0,2,0.026,0.0072,0.0898,0.974,1.0,0.9868,0.0,0.9157,"{'CRITICAL_RISK': 67, 'HIGH_RISK': 8, 'MODERATE_RISK': 2}"
"{'entry/payment_channel': 'credential_abuse/e-commerce', 'temporal_strategy': 'distributed', 'geographic_region_or_strategy': 'domestic'}",3,ELIGIBLE,True,79,79,0,77,0,0,2,0.0253,0.007,0.0877,0.9747,1.0,0.9872,0.0,0.9188,"{'CRITICAL_RISK': 68, 'HIGH_RISK': 9, 'MODERATE_RISK': 2}"
"{'entry/payment_channel': 'credential_abuse/e-commerce', 'temporal_strategy': 'distributed', 'identity_strategy': 'existing_account'}",3,ELIGIBLE,True,86,86,0,84,0,0,2,0.0233,0.0064,0.0809,0.9767,1.0,0.9882,0.0,0.9234,"{'CRITICAL_RISK': 76, 'HIGH_RISK': 8, 'MODERATE_RISK': 2}"
"{'merchant_category': 'money_transfer', 'geographic_region_or_strategy': 'domestic'}",2,ELIGIBLE,True,87,43,44,42,35,9,1,0.0233,0.0041,0.1206,0.9767,0.8235,0.8936,0.2045,0.607,"{'CRITICAL_RISK': 47, 'LOW_RISK': 27, 'MODERATE_RISK': 9, 'HIGH_RISK': 4}"
"{'entry/payment_channel': 'credential_abuse/e-commerce', 'geographic_region_or_strategy': 'domestic'}",2,ELIGIBLE,True,91,91,0,89,0,0,2,0.022,0.006,0.0766,0.978,1.0,0.9889,0.0,0.9157,"{'CRITICAL_RISK': 79, 'HIGH_RISK': 10, 'MODERATE_RISK': 2}"
"{'entry/payment_channel': 'credential_abuse/e-commerce', 'payment_channel': 'e-commerce', 'geographic_region_or_strategy': 'domestic'}",3,ELIGIBLE,True,91,91,0,89,0,0,2,0.022,0.006,0.0766,0.978,1.0,0.9889,0.0,0.9157,"{'CRITICAL_RISK': 79, 'HIGH_RISK': 10, 'MODERATE_RISK': 2}"
{'merchant_category': 'luxury'},1,ELIGIBLE,True,86,47,39,46,27,12,1,0.0213,0.0038,0.1111,0.9787,0.7931,0.8762,0.3077,0.6561,"{'CRITICAL_RISK': 48, 'LOW_RISK': 21, 'HIGH_RISK': 10, 'MODERATE_RISK': 7}"
"{'evasion_strategy': 'risk_signal_suppression', 'merchant_strategy': 'digital_marketplace', 'amount_bucket': 'medium (50-200)'}",3,ELIGIBLE,True,50,50,0,49,0,0,1,0.02,0.0035,0.105,0.98,1.0,0.9899,0.0,0.9417,"{'CRITICAL_RISK': 48, 'HIGH_RISK': 1, 'MODERATE_RISK': 1}"
"{'merchant_strategy': 'digital_marketplace', 'geographic_strategy': 'domestic_matching', 'amount_bucket': 'medium (50-200)'}",3,ELIGIBLE,True,50,50,0,49,0,0,1,0.02,0.0035,0.105,0.98,1.0,0.9899,0.0,0.9417,"{'CRITICAL_RISK': 48, 'HIGH_RISK': 1, 'MODERATE_RISK': 1}"
"{'payment_channel': 'api_gateway', 'geographic_region_or_strategy': 'cross_border'}",2,ELIGIBLE,True,53,52,1,51,1,0,1,0.0192,0.0034,0.1012,0.9808,1.0,0.9903,0.0,0.9124,"{'CRITICAL_RISK': 46, 'HIGH_RISK': 5, 'MODERATE_RISK': 2}"
"{'entry/payment_channel': 'credential_abuse/e-commerce', 'temporal_strategy': 'distributed'}",2,ELIGIBLE,True,107,107,0,105,0,0,2,0.0187,0.0051,0.0656,0.9813,1.0,0.9906,0.0,0.9248,"{'CRITICAL_RISK': 95, 'HIGH_RISK': 10, 'MODERATE_RISK': 2}"
"{'entry/payment_channel': 'credential_abuse/e-commerce', 'identity_strategy': 'existing_account'}",2,ELIGIBLE,True,107,107,0,105,0,0,2,0.0187,0.0051,0.0656,0.9813,1.0,0.9906,0.0,0.9226,"{'CRITICAL_RISK': 96, 'HIGH_RISK': 9, 'MODERATE_RISK': 2}"
"{'entry/payment_channel': 'credential_abuse/e-commerce', 'temporal_strategy': 'distributed', 'payment_channel': 'e-commerce'}",3,ELIGIBLE,True,107,107,0,105,0,0,2,0.0187,0.0051,0.0656,0.9813,1.0,0.9906,0.0,0.9248,"{'CRITICAL_RISK': 95, 'HIGH_RISK': 10, 'MODERATE_RISK': 2}"
"{'entry/payment_channel': 'credential_abuse/e-commerce', 'identity_strategy': 'existing_account', 'payment_channel': 'e-commerce'}",3,ELIGIBLE,True,107,107,0,105,0,0,2,0.0187,0.0051,0.0656,0.9813,1.0,0.9906,0.0,0.9226,"{'CRITICAL_RISK': 96, 'HIGH_RISK': 9, 'MODERATE_RISK': 2}"
"{'evasion_strategy': 'risk_signal_suppression', 'merchant_strategy': 'digital_marketplace', 'geographic_region_or_strategy': 'domestic'}",3,ELIGIBLE,True,56,56,0,55,0,0,1,0.0179,0.0032,0.0945,0.9821,1.0,0.991,0.0,0.9224,"{'CRITICAL_RISK': 52, 'HIGH_RISK': 3, 'MODERATE_RISK': 1}"
"{'amount_strategy': 'normal_looking', 'merchant_strategy': 'digital_marketplace', 'geographic_region_or_strategy': 'domestic'}",3,ELIGIBLE,True,56,56,0,55,0,0,1,0.0179,0.0032,0.0945,0.9821,1.0,0.991,0.0,0.9224,"{'CRITICAL_RISK': 52, 'HIGH_RISK': 3, 'MODERATE_RISK': 1}"
"{'merchant_strategy': 'digital_marketplace', 'amount_bucket': 'medium (50-200)'}",2,ELIGIBLE,True,63,63,0,62,0,0,1,0.0159,0.0028,0.0846,0.9841,1.0,0.992,0.0,0.9417,"{'CRITICAL_RISK': 60, 'HIGH_RISK': 2, 'MODERATE_RISK': 1}"
"{'amount_strategy': 'normal_looking', 'merchant_strategy': 'digital_marketplace', 'amount_bucket': 'medium (50-200)'}",3,ELIGIBLE,True,63,63,0,62,0,0,1,0.0159,0.0028,0.0846,0.9841,1.0,0.992,0.0,0.9417,"{'CRITICAL_RISK': 60, 'HIGH_RISK': 2, 'MODERATE_RISK': 1}"
{'entry/payment_channel': 'credential_abuse/e-commerce'},1,ELIGIBLE,True,128,128,0,126,0,0,2,0.0156,0.0043,0.0552,0.9844,1.0,0.9921,0.0,0.9239,"{'CRITICAL_RISK': 115, 'HIGH_RISK': 11, 'MODERATE_RISK': 2}"
"{'entry/payment_channel': 'credential_abuse/e-commerce', 'payment_channel': 'e-commerce'}",2,ELIGIBLE,True,128,128,0,126,0,0,2,0.0156,0.0043,0.0552,0.9844,1.0,0.9921,0.0,0.9239,"{'CRITICAL_RISK': 115, 'HIGH_RISK': 11, 'MODERATE_RISK': 2}"
"{'amount_strategy': 'normal_looking', 'temporal_strategy': 'distributed', 'merchant_strategy': 'digital_marketplace'}",3,ELIGIBLE,True,64,64,0,63,0,0,1,0.0156,0.0028,0.0833,0.9844,1.0,0.9921,0.0,0.9105,"{'CRITICAL_RISK': 56, 'HIGH_RISK': 7, 'MODERATE_RISK': 1}"
"{'identity_strategy': 'existing_account', 'merchant_strategy': 'digital_marketplace'}",2,ELIGIBLE,True,65,65,0,64,0,0,1,0.0154,0.0027,0.0821,0.9846,1.0,0.9922,0.0,0.9155,"{'CRITICAL_RISK': 59, 'HIGH_RISK': 5, 'MODERATE_RISK': 1}"
"{'amount_strategy': 'normal_looking', 'identity_strategy': 'existing_account', 'merchant_strategy': 'digital_marketplace'}",3,ELIGIBLE,True,65,65,0,64,0,0,1,0.0154,0.0027,0.0821,0.9846,1.0,0.9922,0.0,0.9155,"{'CRITICAL_RISK': 59, 'HIGH_RISK': 5, 'MODERATE_RISK': 1}"
"{'evasion_strategy': 'risk_signal_suppression', 'merchant_strategy': 'digital_marketplace'}",2,ELIGIBLE,True,85,85,0,84,0,0,1,0.0118,0.0021,0.0637,0.9882,1.0,0.9941,0.0,0.9323,"{'CRITICAL_RISK': 79, 'HIGH_RISK': 5, 'MODERATE_RISK': 1}"
"{'evasion_strategy': 'risk_signal_suppression', 'amount_strategy': 'normal_looking', 'merchant_strategy': 'digital_marketplace'}",3,ELIGIBLE,True,85,85,0,84,0,0,1,0.0118,0.0021,0.0637,0.9882,1.0,0.9941,0.0,0.9323,"{'CRITICAL_RISK': 79, 'HIGH_RISK': 5, 'MODERATE_RISK': 1}"
"{'evasion_strategy': 'risk_signal_suppression', 'merchant_strategy': 'digital_marketplace', 'geographic_strategy': 'domestic_matching'}",3,ELIGIBLE,True,85,85,0,84,0,0,1,0.0118,0.0021,0.0637,0.9882,1.0,0.9941,0.0,0.9323,"{'CRITICAL_RISK': 79, 'HIGH_RISK': 5, 'MODERATE_RISK': 1}"
"{'amount_strategy': 'normal_looking', 'merchant_strategy': 'digital_marketplace', 'geographic_strategy': 'domestic_matching'}",3,ELIGIBLE,True,85,85,0,84,0,0,1,0.0118,0.0021,0.0637,0.9882,1.0,0.9941,0.0,0.9323,"{'CRITICAL_RISK': 79, 'HIGH_RISK': 5, 'MODERATE_RISK': 1}"
"{'amount_strategy': 'normal_looking', 'merchant_strategy': 'digital_marketplace'}",2,ELIGIBLE,True,107,107,0,106,0,0,1,0.0093,0.0017,0.051,0.9907,1.0,0.9953,0.0,0.923,"{'CRITICAL_RISK': 97, 'HIGH_RISK': 9, 'MODERATE_RISK': 1}"
{'attack_family': 'Automated Account Takeover & Behavioral Mimicry'},1,ELIGIBLE,True,109,109,0,109,0,0,0,0.0,0.0,0.034,1.0,1.0,1.0,0.0,0.9258,"{'CRITICAL_RISK': 96, 'HIGH_RISK': 13}"
"{'attack_family': 'Automated Account Takeover & Behavioral Mimicry', 'temporal_strategy': 'distributed'}",2,ELIGIBLE,True,88,88,0,88,0,0,0,0.0,0.0,0.0418,1.0,1.0,1.0,0.0,0.9129,"{'CRITICAL_RISK': 75, 'HIGH_RISK': 13}"
"{'attack_family': 'Automated Account Takeover & Behavioral Mimicry', 'identity_strategy': 'existing_account'}",2,ELIGIBLE,True,88,88,0,88,0,0,0,0.0,0.0,0.0418,1.0,1.0,1.0,0.0,0.9129,"{'CRITICAL_RISK': 75, 'HIGH_RISK': 13}"
"{'attack_family': 'Automated Account Takeover & Behavioral Mimicry', 'temporal_strategy': 'distributed', 'identity_strategy': 'existing_account'}",3,ELIGIBLE,True,88,88,0,88,0,0,0,0.0,0.0,0.0418,1.0,1.0,1.0,0.0,0.9129,"{'CRITICAL_RISK': 75, 'HIGH_RISK': 13}"
"{'entry/payment_channel': 'credential_abuse/e-commerce', 'geographic_strategy': 'domestic_matching'}",2,ELIGIBLE,True,85,85,0,85,0,0,0,0.0,0.0,0.0432,1.0,1.0,1.0,0.0,0.9407,"{'CRITICAL_RISK': 81, 'HIGH_RISK': 4}"
"{'entry/payment_channel': 'credential_abuse/e-commerce', 'geographic_strategy': 'domestic_matching', 'payment_channel': 'e-commerce'}",3,ELIGIBLE,True,85,85,0,85,0,0,0,0.0,0.0,0.0432,1.0,1.0,1.0,0.0,0.9407,"{'CRITICAL_RISK': 81, 'HIGH_RISK': 4}"
"{'attack_family': 'Automated Account Takeover & Behavioral Mimicry', 'amount_strategy': 'high_ticket_escalation'}",2,ELIGIBLE,True,65,65,0,65,0,0,0,0.0,0.0,0.0558,1.0,1.0,1.0,0.0,0.957,"{'CRITICAL_RISK': 63, 'HIGH_RISK': 2}"
"{'attack_family': 'Automated Account Takeover & Behavioral Mimicry', 'geographic_strategy': 'domestic_matching'}",2,ELIGIBLE,True,65,65,0,65,0,0,0,0.0,0.0,0.0558,1.0,1.0,1.0,0.0,0.957,"{'CRITICAL_RISK': 63, 'HIGH_RISK': 2}"
"{'attack_family': 'Automated Account Takeover & Behavioral Mimicry', 'amount_strategy': 'high_ticket_escalation', 'geographic_strategy': 'domestic_matching'}",3,ELIGIBLE,True,65,65,0,65,0,0,0,0.0,0.0,0.0558,1.0,1.0,1.0,0.0,0.957,"{'CRITICAL_RISK': 63, 'HIGH_RISK': 2}"
"{'entry/payment_channel': 'credential_abuse/e-commerce', 'amount_strategy': 'normal_looking'}",2,ELIGIBLE,True,64,64,0,64,0,0,0,0.0,0.0,0.0566,1.0,1.0,1.0,0.0,0.9195,"{'CRITICAL_RISK': 56, 'HIGH_RISK': 8}"
"{'amount_strategy': 'normal_looking', 'payment_channel': 'api_gateway'}",2,ELIGIBLE,True,64,64,0,64,0,0,0,0.0,0.0,0.0566,1.0,1.0,1.0,0.0,0.9183,"{'CRITICAL_RISK': 56, 'HIGH_RISK': 8}"
"{'merchant_strategy': 'digital_marketplace', 'payment_channel': 'api_gateway'}",2,ELIGIBLE,True,64,64,0,64,0,0,0,0.0,0.0,0.0566,1.0,1.0,1.0,0.0,0.9183,"{'CRITICAL_RISK': 56, 'HIGH_RISK': 8}"
"{'entry/payment_channel': 'credential_abuse/e-commerce', 'amount_strategy': 'normal_looking', 'identity_strategy': 'existing_account'}",3,ELIGIBLE,True,64,64,0,64,0,0,0,0.0,0.0,0.0566,1.0,1.0,1.0,0.0,0.9195,"{'CRITICAL_RISK': 56, 'HIGH_RISK': 8}"
"{'entry/payment_channel': 'credential_abuse/e-commerce', 'amount_strategy': 'normal_looking', 'payment_channel': 'e-commerce'}",3,ELIGIBLE,True,64,64,0,64,0,0,0,0.0,0.0,0.0566,1.0,1.0,1.0,0.0,0.9195,"{'CRITICAL_RISK': 56, 'HIGH_RISK': 8}"
"{'entry/payment_channel': 'credential_abuse/e-commerce', 'temporal_strategy': 'distributed', 'geographic_strategy': 'domestic_matching'}",3,ELIGIBLE,True,64,64,0,64,0,0,0,0.0,0.0,0.0566,1.0,1.0,1.0,0.0,0.9477,"{'CRITICAL_RISK': 61, 'HIGH_RISK': 3}"
"{'entry/payment_channel': 'credential_abuse/e-commerce', 'identity_strategy': 'existing_account', 'geographic_strategy': 'domestic_matching'}",3,ELIGIBLE,True,64,64,0,64,0,0,0,0.0,0.0,0.0566,1.0,1.0,1.0,0.0,0.944,"{'CRITICAL_RISK': 62, 'HIGH_RISK': 2}"
"{'amount_strategy': 'normal_looking', 'merchant_strategy': 'digital_marketplace', 'payment_channel': 'api_gateway'}",3,ELIGIBLE,True,64,64,0,64,0,0,0,0.0,0.0,0.0566,1.0,1.0,1.0,0.0,0.9183,"{'CRITICAL_RISK': 56, 'HIGH_RISK': 8}"
{'identity_strategy': 'delegated_agent'},1,ELIGIBLE,True,63,63,0,63,0,0,0,0.0,0.0,0.0575,1.0,1.0,1.0,0.0,0.9526,"{'CRITICAL_RISK': 59, 'HIGH_RISK': 4}"
"{'attack_family': 'Evasive & Micro-Transaction Attacks', 'entry/payment_channel': 'credential_abuse/e-commerce'}",2,ELIGIBLE,True,63,63,0,63,0,0,0,0.0,0.0,0.0575,1.0,1.0,1.0,0.0,0.9397,"{'CRITICAL_RISK': 60, 'HIGH_RISK': 3}"
"{'attack_family': 'AI Agent & API Payment Exploits', 'identity_strategy': 'delegated_agent'}",2,ELIGIBLE,True,63,63,0,63,0,0,0,0.0,0.0,0.0575,1.0,1.0,1.0,0.0,0.9526,"{'CRITICAL_RISK': 59, 'HIGH_RISK': 4}"
"{'attack_family': 'AI Agent & API Payment Exploits', 'payment_channel': 'api_gateway'}",2,ELIGIBLE,True,63,63,0,63,0,0,0,0.0,0.0,0.0575,1.0,1.0,1.0,0.0,0.9526,"{'CRITICAL_RISK': 59, 'HIGH_RISK': 4}"
"{'attack_family': 'Evasive & Micro-Transaction Attacks', 'payment_channel': 'e-commerce'}",2,ELIGIBLE,True,63,63,0,63,0,0,0,0.0,0.0,0.0575,1.0,1.0,1.0,0.0,0.9397,"{'CRITICAL_RISK': 60, 'HIGH_RISK': 3}"
"{'identity_strategy': 'delegated_agent', 'geographic_strategy': 'domestic_matching'}",2,ELIGIBLE,True,63,63,0,63,0,0,0,0.0,0.0,0.0575,1.0,1.0,1.0,0.0,0.9526,"{'CRITICAL_RISK': 59, 'HIGH_RISK': 4}"
"{'identity_strategy': 'delegated_agent', 'payment_channel': 'api_gateway'}",2,ELIGIBLE,True,63,63,0,63,0,0,0,0.0,0.0,0.0575,1.0,1.0,1.0,0.0,0.9526,"{'CRITICAL_RISK': 59, 'HIGH_RISK': 4}"
"{'attack_family': 'Evasive & Micro-Transaction Attacks', 'entry/payment_channel': 'credential_abuse/e-commerce', 'geographic_strategy': 'domestic_matching'}",3,ELIGIBLE,True,63,63,0,63,0,0,0,0.0,0.0,0.0575,1.0,1.0,1.0,0.0,0.9397,"{'CRITICAL_RISK': 60, 'HIGH_RISK': 3}"
"{'attack_family': 'Evasive & Micro-Transaction Attacks', 'entry/payment_channel': 'credential_abuse/e-commerce', 'payment_channel': 'e-commerce'}",3,ELIGIBLE,True,63,63,0,63,0,0,0,0.0,0.0,0.0575,1.0,1.0,1.0,0.0,0.9397,"{'CRITICAL_RISK': 60, 'HIGH_RISK': 3}"
"{'attack_family': 'AI Agent & API Payment Exploits', 'identity_strategy': 'delegated_agent', 'geographic_strategy': 'domestic_matching'}",3,ELIGIBLE,True,63,63,0,63,0,0,0,0.0,0.0,0.0575,1.0,1.0,1.0,0.0,0.9526,"{'CRITICAL_RISK': 59, 'HIGH_RISK': 4}"
"{'attack_family': 'AI Agent & API Payment Exploits', 'identity_strategy': 'delegated_agent', 'payment_channel': 'api_gateway'}",3,ELIGIBLE,True,63,63,0,63,0,0,0,0.0,0.0,0.0575,1.0,1.0,1.0,0.0,0.9526,"{'CRITICAL_RISK': 59, 'HIGH_RISK': 4}"
"{'attack_family': 'AI Agent & API Payment Exploits', 'geographic_strategy': 'domestic_matching', 'payment_channel': 'api_gateway'}",3,ELIGIBLE,True,63,63,0,63,0,0,0,0.0,0.0,0.0575,1.0,1.0,1.0,0.0,0.9526,"{'CRITICAL_RISK': 59, 'HIGH_RISK': 4}"
"{'attack_family': 'Evasive & Micro-Transaction Attacks', 'geographic_strategy': 'domestic_matching', 'payment_channel': 'e-commerce'}",3,ELIGIBLE,True,63,63,0,63,0,0,0,0.0,0.0,0.0575,1.0,1.0,1.0,0.0,0.9397,"{'CRITICAL_RISK': 60, 'HIGH_RISK': 3}"
"{'identity_strategy': 'delegated_agent', 'geographic_strategy': 'domestic_matching', 'payment_channel': 'api_gateway'}",3,ELIGIBLE,True,63,63,0,63,0,0,0,0.0,0.0,0.0575,1.0,1.0,1.0,0.0,0.9526,"{'CRITICAL_RISK': 59, 'HIGH_RISK': 4}"
"{'merchant_strategy': 'digital_marketplace', 'geographic_region_or_strategy': 'cross_border'}",2,ELIGIBLE,True,59,59,0,59,0,0,0,0.0,0.0,0.0611,1.0,1.0,1.0,0.0,0.9067,"{'CRITICAL_RISK': 49, 'HIGH_RISK': 10}"
"{'attack_family': 'Automated Account Takeover & Behavioral Mimicry', 'geographic_region_or_strategy': 'cross_border'}",2,ELIGIBLE,True,55,55,0,55,0,0,0,0.0,0.0,0.0653,1.0,1.0,1.0,0.0,0.9274,"{'CRITICAL_RISK': 50, 'HIGH_RISK': 5}"
"{'attack_family': 'Automated Account Takeover & Behavioral Mimicry', 'geographic_region_or_strategy': 'domestic'}",2,ELIGIBLE,True,54,54,0,54,0,0,0,0.0,0.0,0.0664,1.0,1.0,1.0,0.0,0.9241,"{'CRITICAL_RISK': 46, 'HIGH_RISK': 8}"
"{'entry/payment_channel': 'credential_abuse/e-commerce', 'geographic_strategy': 'domestic_matching', 'geographic_region_or_strategy': 'domestic'}",3,ELIGIBLE,True,54,54,0,54,0,0,0,0.0,0.0,0.0664,1.0,1.0,1.0,0.0,0.9329,"{'CRITICAL_RISK': 50, 'HIGH_RISK': 4}"
"{'amount_strategy': 'normal_looking', 'merchant_category': 'digital_goods'}",2,ELIGIBLE,True,53,53,0,53,0,0,0,0.0,0.0,0.0676,1.0,1.0,1.0,0.0,0.9125,"{'CRITICAL_RISK': 46, 'HIGH_RISK': 7}"
"{'amount_strategy': 'normal_looking', 'merchant_strategy': 'digital_marketplace', 'geographic_region_or_strategy': 'cross_border'}",3,ELIGIBLE,True,51,51,0,51,0,0,0,0.0,0.0,0.07,1.0,1.0,1.0,0.0,0.9237,"{'CRITICAL_RISK': 45, 'HIGH_RISK': 6}"
"{'merchant_category': 'digital_goods', 'geographic_region_or_strategy': 'cross_border'}",2,ELIGIBLE,True,58,50,8,50,7,1,0,0.0,0.0,0.0713,1.0,0.9804,0.9901,0.125,0.8156,"{'CRITICAL_RISK': 44, 'LOW_RISK': 7, 'HIGH_RISK': 7}"
"{'amount_bucket': 'high (200-800)', 'payment_channel': 'e-commerce'}",2,ELIGIBLE,True,83,38,45,38,34,11,0,0.0,0.0,0.0918,1.0,0.7755,0.8736,0.2444,0.5859,"{'CRITICAL_RISK': 44, 'LOW_RISK': 29, 'HIGH_RISK': 5, 'MODERATE_RISK': 5}"
{'merchant_category': 'crypto_exchange'},1,ELIGIBLE,True,54,35,19,35,12,7,0,0.0,0.0,0.0989,1.0,0.8333,0.9091,0.3684,0.7717,"{'CRITICAL_RISK': 40, 'LOW_RISK': 9, 'MODERATE_RISK': 3, 'HIGH_RISK': 2}"
"{'amount_bucket': 'high (200-800)', 'payment_channel': 'e-commerce', 'geographic_region_or_strategy': 'domestic'}",3,ELIGIBLE,True,68,26,42,26,33,9,0,0.0,0.0,0.1287,1.0,0.7429,0.8525,0.2143,0.521,"{'CRITICAL_RISK': 32, 'LOW_RISK': 29, 'MODERATE_RISK': 4, 'HIGH_RISK': 3}"
"{'payment_channel': 'e-commerce', 'merchant_category': 'digital_goods'}",2,ELIGIBLE,True,65,26,39,26,30,9,0,0.0,0.0,0.1287,1.0,0.7429,0.8525,0.2308,0.5202,"{'LOW_RISK': 27, 'CRITICAL_RISK': 26, 'HIGH_RISK': 9, 'MODERATE_RISK': 3}"
"{'merchant_category': 'digital_goods', 'temporal_bucket': 'morning (06-11)'}",2,ELIGIBLE,True,77,25,52,25,48,4,0,0.0,0.0,0.1332,1.0,0.8621,0.9259,0.0769,0.372,"{'LOW_RISK': 45, 'CRITICAL_RISK': 21, 'HIGH_RISK': 8, 'MODERATE_RISK': 3}"
